Doculect,l_0,c_tnsmood,c_aspect,c_Aper,c_Anum,c_Uper,c_Unum,c_plur,wordform,f_p1,f_p2,f_p3,f_stem,f_s1,f_s2,f_s3
Ngkolmpu,TOUCH,futirr,dur,1A,sgA,2U,sgU,npl,ntpinont,,nt,,pino,nt,,
Ngkolmpu,TOUCH,futirr,dur,1A,sgA,2U,sgU,pl,ntpinont,,nt,,pino,nt,,
Ngkolmpu,TOUCH,futirr,dur,1A,sgA,2U,nsgU,npl,srpinont,,s,r,pino,nt,,
Ngkolmpu,TOUCH,futirr,dur,1A,sgA,2U,nsgU,pl,srpinont,,s,r,pino,nt,,
Ngkolmpu,TOUCH,futirr,dur,1A,sgA,3U,nsgU,npl,srpinont,,s,r,pino,nt,,
Ngkolmpu,TOUCH,futirr,dur,1A,sgA,3U,nsgU,pl,srpinont,,s,r,pino,nt,,
Ngkolmpu,TOUCH,futirr,dur,1A,nsgA,2U,sgU,npl,ntpinontey,,nt,,pino,nt,,ey
Ngkolmpu,TOUCH,futirr,dur,1A,nsgA,2U,sgU,pl,ntpinontey,,nt,,pino,nt,,ey
Ngkolmpu,TOUCH,futirr,dur,1A,nsgA,2U,nsgU,npl,srpinontey,,s,r,pino,nt,,ey
Ngkolmpu,TOUCH,futirr,dur,1A,nsgA,2U,nsgU,pl,srpinontey,,s,r,pino,nt,,ey
Ngkolmpu,TOUCH,futirr,dur,1A,nsgA,3U,nsgU,npl,srpinontey,,s,r,pino,nt,,ey
Ngkolmpu,TOUCH,futirr,dur,1A,nsgA,3U,nsgU,pl,srpinontey,,s,r,pino,nt,,ey
Ngkolmpu,TOUCH,futirr,dur,2A,sgA,1U,sgU,npl,bpinont,,b,,pino,nt,,
Ngkolmpu,TOUCH,futirr,dur,2A,sgA,1U,sgU,pl,bpinont,,b,,pino,nt,,
Ngkolmpu,TOUCH,futirr,dur,2A,sgA,1U,nsgU,npl,ntpinont,,nt,,pino,nt,,
Ngkolmpu,TOUCH,futirr,dur,2A,sgA,1U,nsgU,pl,ntpinont,,nt,,pino,nt,,
Ngkolmpu,TOUCH,futirr,dur,2A,sgA,3U,nsgU,npl,spinont,,s,,pino,nt,,
Ngkolmpu,TOUCH,futirr,dur,2A,sgA,3U,nsgU,pl,spinont,,s,,pino,nt,,
Ngkolmpu,TOUCH,futirr,dur,2A,nsgA,1U,sgU,npl,bpinontey,,b,,pino,nt,,ey
Ngkolmpu,TOUCH,futirr,dur,2A,nsgA,1U,sgU,pl,bpinontey,,b,,pino,nt,,ey
Ngkolmpu,TOUCH,futirr,dur,2A,nsgA,1U,nsgU,npl,ntpinontey,,nt,,pino,nt,,ey
Ngkolmpu,TOUCH,futirr,dur,2A,nsgA,1U,nsgU,pl,ntpinontey,,nt,,pino,nt,,ey
Ngkolmpu,TOUCH,futirr,dur,2A,nsgA,3U,nsgU,npl,spinontey,,s,,pino,nt,,ey
Ngkolmpu,TOUCH,futirr,dur,2A,nsgA,3U,nsgU,pl,spinontey,,s,,pino,nt,,ey
Ngkolmpu,TOUCH,futirr,dur,3A,sgA,1U,sgU,npl,brpinont,,b,r,pino,nt,,
Ngkolmpu,TOUCH,futirr,dur,3A,sgA,1U,sgU,pl,brpinont,,b,r,pino,nt,,
Ngkolmpu,TOUCH,futirr,dur,3A,sgA,1U,nsgU,npl,ntpinont,,nt,,pino,nt,,
Ngkolmpu,TOUCH,futirr,dur,3A,sgA,1U,nsgU,pl,ntpinont,,nt,,pino,nt,,
Ngkolmpu,TOUCH,futirr,dur,3A,sgA,2U,sgU,npl,ntpinont,,nt,,pino,nt,,
Ngkolmpu,TOUCH,futirr,dur,3A,sgA,2U,sgU,pl,ntpinont,,nt,,pino,nt,,
Ngkolmpu,TOUCH,futirr,dur,3A,sgA,2U,nsgU,npl,srpinont,,s,r,pino,nt,,
Ngkolmpu,TOUCH,futirr,dur,3A,sgA,2U,nsgU,pl,srpinont,,s,r,pino,nt,,
Ngkolmpu,TOUCH,futirr,dur,3A,sgA,3U,nsgU,npl,srpinont,,s,r,pino,nt,,
Ngkolmpu,TOUCH,futirr,dur,3A,sgA,3U,nsgU,pl,srpinont,,s,r,pino,nt,,
Ngkolmpu,TOUCH,futirr,dur,3A,nsgA,1U,sgU,npl,brpinontme,,b,r,pino,nt,,me
Ngkolmpu,TOUCH,futirr,dur,3A,nsgA,1U,sgU,pl,brpinontme,,b,r,pino,nt,,me
Ngkolmpu,TOUCH,futirr,dur,3A,nsgA,1U,nsgU,npl,ntpinontme,,nt,,pino,nt,,me
Ngkolmpu,TOUCH,futirr,dur,3A,nsgA,1U,nsgU,pl,ntpinontme,,nt,,pino,nt,,me
Ngkolmpu,TOUCH,futirr,dur,3A,nsgA,2U,sgU,npl,ntpinontme,,nt,,pino,nt,,me
Ngkolmpu,TOUCH,futirr,dur,3A,nsgA,2U,sgU,pl,ntpinontme,,nt,,pino,nt,,me
Ngkolmpu,TOUCH,futirr,dur,3A,nsgA,2U,nsgU,npl,srpinontme,,s,r,pino,nt,,me
Ngkolmpu,TOUCH,futirr,dur,3A,nsgA,2U,nsgU,pl,srpinontme,,s,r,pino,nt,,me
Ngkolmpu,TOUCH,futirr,dur,3A,nsgA,3U,nsgU,npl,srpinontme,,s,r,pino,nt,,me
Ngkolmpu,TOUCH,futirr,dur,3A,nsgA,3U,nsgU,pl,srpinontme,,s,r,pino,nt,,me
Ngkolmpu,TOUCH,futign,dur,1A,sgA,2U,sgU,npl,ntpinontomo,,nt,,pino,nt,omo,
Ngkolmpu,TOUCH,futign,dur,1A,sgA,2U,sgU,pl,ntpinontomo,,nt,,pino,nt,omo,
Ngkolmpu,TOUCH,futign,dur,1A,sgA,2U,nsgU,npl,srpinontomo,,s,r,pino,nt,omo,
Ngkolmpu,TOUCH,futign,dur,1A,sgA,2U,nsgU,pl,srpinontomo,,s,r,pino,nt,omo,
Ngkolmpu,TOUCH,futign,dur,1A,sgA,3U,nsgU,npl,srpinontomo,,s,r,pino,nt,omo,
Ngkolmpu,TOUCH,futign,dur,1A,sgA,3U,nsgU,pl,srpinontomo,,s,r,pino,nt,omo,
Ngkolmpu,TOUCH,futign,dur,1A,nsgA,2U,sgU,npl,ntpinontomoy,,nt,,pino,nt,omo,y
Ngkolmpu,TOUCH,futign,dur,1A,nsgA,2U,sgU,pl,ntpinontomoy,,nt,,pino,nt,omo,y
Ngkolmpu,TOUCH,futign,dur,1A,nsgA,2U,nsgU,npl,srpinontomoy,,s,r,pino,nt,omo,y
Ngkolmpu,TOUCH,futign,dur,1A,nsgA,2U,nsgU,pl,srpinontomoy,,s,r,pino,nt,omo,y
Ngkolmpu,TOUCH,futign,dur,1A,nsgA,3U,nsgU,npl,srpinontomoy,,s,r,pino,nt,omo,y
Ngkolmpu,TOUCH,futign,dur,1A,nsgA,3U,nsgU,pl,srpinontomoy,,s,r,pino,nt,omo,y
Ngkolmpu,TOUCH,futign,dur,2A,sgA,1U,sgU,npl,bpinontomo,,b,,pino,nt,omo,
Ngkolmpu,TOUCH,futign,dur,2A,sgA,1U,sgU,pl,bpinontomo,,b,,pino,nt,omo,
Ngkolmpu,TOUCH,futign,dur,2A,sgA,1U,nsgU,npl,ntpinontomo,,nt,,pino,nt,omo,
Ngkolmpu,TOUCH,futign,dur,2A,sgA,1U,nsgU,pl,ntpinontomo,,nt,,pino,nt,omo,
Ngkolmpu,TOUCH,futign,dur,2A,sgA,3U,nsgU,npl,spinontomo,,s,,pino,nt,omo,
Ngkolmpu,TOUCH,futign,dur,2A,sgA,3U,nsgU,pl,spinontomo,,s,,pino,nt,omo,
Ngkolmpu,TOUCH,futign,dur,2A,nsgA,1U,sgU,npl,bpinontomoy,,b,,pino,nt,omo,y
Ngkolmpu,TOUCH,futign,dur,2A,nsgA,1U,sgU,pl,bpinontomoy,,b,,pino,nt,omo,y
Ngkolmpu,TOUCH,futign,dur,2A,nsgA,1U,nsgU,npl,ntpinontomoy,,nt,,pino,nt,omo,y
Ngkolmpu,TOUCH,futign,dur,2A,nsgA,1U,nsgU,pl,ntpinontomoy,,nt,,pino,nt,omo,y
Ngkolmpu,TOUCH,futign,dur,2A,nsgA,3U,nsgU,npl,spinontomoy,,s,,pino,nt,omo,y
Ngkolmpu,TOUCH,futign,dur,2A,nsgA,3U,nsgU,pl,spinontomoy,,s,,pino,nt,omo,y
Ngkolmpu,TOUCH,futign,dur,3A,sgA,1U,sgU,npl,brpinontomo,,b,r,pino,nt,omo,
Ngkolmpu,TOUCH,futign,dur,3A,sgA,1U,sgU,pl,brpinontomo,,b,r,pino,nt,omo,
Ngkolmpu,TOUCH,futign,dur,3A,sgA,1U,nsgU,npl,ntpinontomo,,nt,,pino,nt,omo,
Ngkolmpu,TOUCH,futign,dur,3A,sgA,1U,nsgU,pl,ntpinontomo,,nt,,pino,nt,omo,
Ngkolmpu,TOUCH,futign,dur,3A,sgA,2U,sgU,npl,ntpinontomo,,nt,,pino,nt,omo,
Ngkolmpu,TOUCH,futign,dur,3A,sgA,2U,sgU,pl,ntpinontomo,,nt,,pino,nt,omo,
Ngkolmpu,TOUCH,futign,dur,3A,sgA,2U,nsgU,npl,srpinontomo,,s,r,pino,nt,omo,
Ngkolmpu,TOUCH,futign,dur,3A,sgA,2U,nsgU,pl,srpinontomo,,s,r,pino,nt,omo,
Ngkolmpu,TOUCH,futign,dur,3A,sgA,3U,nsgU,npl,srpinontomo,,s,r,pino,nt,omo,
Ngkolmpu,TOUCH,futign,dur,3A,sgA,3U,nsgU,pl,srpinontomo,,s,r,pino,nt,omo,
Ngkolmpu,TOUCH,futign,dur,3A,nsgA,1U,sgU,npl,brpinontomoy,,b,r,pino,nt,omo,y
Ngkolmpu,TOUCH,futign,dur,3A,nsgA,1U,sgU,pl,brpinontomoy,,b,r,pino,nt,omo,y
Ngkolmpu,TOUCH,futign,dur,3A,nsgA,1U,nsgU,npl,ntpinontomoy,,nt,,pino,nt,omo,y
Ngkolmpu,TOUCH,futign,dur,3A,nsgA,1U,nsgU,pl,ntpinontomoy,,nt,,pino,nt,omo,y
Ngkolmpu,TOUCH,futign,dur,3A,nsgA,2U,sgU,npl,ntpinontomoy,,nt,,pino,nt,omo,y
Ngkolmpu,TOUCH,futign,dur,3A,nsgA,2U,sgU,pl,ntpinontomoy,,nt,,pino,nt,omo,y
Ngkolmpu,TOUCH,futign,dur,3A,nsgA,2U,nsgU,npl,srpinontomoy,,s,r,pino,nt,omo,y
Ngkolmpu,TOUCH,futign,dur,3A,nsgA,2U,nsgU,pl,srpinontomoy,,s,r,pino,nt,omo,y
Ngkolmpu,TOUCH,futign,dur,3A,nsgA,3U,nsgU,npl,srpinontomoy,,s,r,pino,nt,omo,y
Ngkolmpu,TOUCH,futign,dur,3A,nsgA,3U,nsgU,pl,srpinontomoy,,s,r,pino,nt,omo,y
Ngkolmpu,TOUCH,imp,dur,1A,sgA,2U,sgU,npl,knpinont,,kn,,pino,nt,,
Ngkolmpu,TOUCH,imp,dur,1A,sgA,2U,sgU,pl,knpinont,,kn,,pino,nt,,
Ngkolmpu,TOUCH,imp,dur,1A,sgA,2U,nsgU,npl,srpinont,,s,r,pino,nt,,
Ngkolmpu,TOUCH,imp,dur,1A,sgA,2U,nsgU,pl,srpinont,,s,r,pino,nt,,
Ngkolmpu,TOUCH,imp,dur,1A,sgA,3U,nsgU,npl,srpinont,,s,r,pino,nt,,
Ngkolmpu,TOUCH,imp,dur,1A,sgA,3U,nsgU,pl,srpinont,,s,r,pino,nt,,
Ngkolmpu,TOUCH,imp,dur,1A,nsgA,2U,sgU,npl,knpinontey,,kn,,pino,nt,,ey
Ngkolmpu,TOUCH,imp,dur,1A,nsgA,2U,sgU,pl,knpinontey,,kn,,pino,nt,,ey
Ngkolmpu,TOUCH,imp,dur,1A,nsgA,2U,nsgU,npl,srpinontey,,s,r,pino,nt,,ey
Ngkolmpu,TOUCH,imp,dur,1A,nsgA,2U,nsgU,pl,srpinontey,,s,r,pino,nt,,ey
Ngkolmpu,TOUCH,imp,dur,1A,nsgA,3U,nsgU,npl,srpinontey,,s,r,pino,nt,,ey
Ngkolmpu,TOUCH,imp,dur,1A,nsgA,3U,nsgU,pl,srpinontey,,s,r,pino,nt,,ey
Ngkolmpu,TOUCH,imp,dur,2A,sgA,1U,sgU,npl,bpinont,,b,,pino,nt,,
Ngkolmpu,TOUCH,imp,dur,2A,sgA,1U,sgU,pl,bpinont,,b,,pino,nt,,
Ngkolmpu,TOUCH,imp,dur,2A,sgA,1U,nsgU,npl,knpinont,,kn,,pino,nt,,
Ngkolmpu,TOUCH,imp,dur,2A,sgA,1U,nsgU,pl,knpinont,,kn,,pino,nt,,
Ngkolmpu,TOUCH,imp,dur,2A,sgA,3U,nsgU,npl,spinont,,s,,pino,nt,,
Ngkolmpu,TOUCH,imp,dur,2A,sgA,3U,nsgU,pl,spinont,,s,,pino,nt,,
Ngkolmpu,TOUCH,imp,dur,2A,nsgA,1U,sgU,npl,bpinontey,,b,,pino,nt,,ey
Ngkolmpu,TOUCH,imp,dur,2A,nsgA,1U,sgU,pl,bpinontey,,b,,pino,nt,,ey
Ngkolmpu,TOUCH,imp,dur,2A,nsgA,1U,nsgU,npl,knpinontey,,kn,,pino,nt,,ey
Ngkolmpu,TOUCH,imp,dur,2A,nsgA,1U,nsgU,pl,knpinontey,,kn,,pino,nt,,ey
Ngkolmpu,TOUCH,imp,dur,2A,nsgA,3U,nsgU,npl,spinontey,,s,,pino,nt,,ey
Ngkolmpu,TOUCH,imp,dur,2A,nsgA,3U,nsgU,pl,spinontey,,s,,pino,nt,,ey
Ngkolmpu,TOUCH,imp,dur,3A,sgA,1U,sgU,npl,brpinont,,b,r,pino,nt,,
Ngkolmpu,TOUCH,imp,dur,3A,sgA,1U,sgU,pl,brpinont,,b,r,pino,nt,,
Ngkolmpu,TOUCH,imp,dur,3A,sgA,1U,nsgU,npl,knpinont,,kn,,pino,nt,,
Ngkolmpu,TOUCH,imp,dur,3A,sgA,1U,nsgU,pl,knpinont,,kn,,pino,nt,,
Ngkolmpu,TOUCH,imp,dur,3A,sgA,2U,sgU,npl,knpinont,,kn,,pino,nt,,
Ngkolmpu,TOUCH,imp,dur,3A,sgA,2U,sgU,pl,knpinont,,kn,,pino,nt,,
Ngkolmpu,TOUCH,imp,dur,3A,sgA,2U,nsgU,npl,srpinont,,s,r,pino,nt,,
Ngkolmpu,TOUCH,imp,dur,3A,sgA,2U,nsgU,pl,srpinont,,s,r,pino,nt,,
Ngkolmpu,TOUCH,imp,dur,3A,sgA,3U,nsgU,npl,srpinont,,s,r,pino,nt,,
Ngkolmpu,TOUCH,imp,dur,3A,sgA,3U,nsgU,pl,srpinont,,s,r,pino,nt,,
Ngkolmpu,TOUCH,imp,dur,3A,nsgA,1U,sgU,npl,brpinontme,,b,r,pino,nt,,me
Ngkolmpu,TOUCH,imp,dur,3A,nsgA,1U,sgU,pl,brpinontme,,b,r,pino,nt,,me
Ngkolmpu,TOUCH,imp,dur,3A,nsgA,1U,nsgU,npl,knpinontme,,kn,,pino,nt,,me
Ngkolmpu,TOUCH,imp,dur,3A,nsgA,1U,nsgU,pl,knpinontme,,kn,,pino,nt,,me
Ngkolmpu,TOUCH,imp,dur,3A,nsgA,2U,sgU,npl,knpinontme,,kn,,pino,nt,,me
Ngkolmpu,TOUCH,imp,dur,3A,nsgA,2U,sgU,pl,knpinontme,,kn,,pino,nt,,me
Ngkolmpu,TOUCH,imp,dur,3A,nsgA,2U,nsgU,npl,srpinontme,,s,r,pino,nt,,me
Ngkolmpu,TOUCH,imp,dur,3A,nsgA,2U,nsgU,pl,srpinontme,,s,r,pino,nt,,me
Ngkolmpu,TOUCH,imp,dur,3A,nsgA,3U,nsgU,npl,srpinontme,,s,r,pino,nt,,me
Ngkolmpu,TOUCH,imp,dur,3A,nsgA,3U,nsgU,pl,srpinontme,,s,r,pino,nt,,me
Ngkolmpu,TOUCH,futirr,pfv,1A,sgA,2U,sgU,npl,ntpino,,nt,,pino,,,
Ngkolmpu,TOUCH,futirr,pfv,1A,sgA,2U,nsgU,npl,srpino,,s,r,pino,,,
Ngkolmpu,TOUCH,futirr,pfv,1A,sgA,3U,nsgU,npl,srpino,,s,r,pino,,,
Ngkolmpu,TOUCH,futirr,pfv,1A,nsgA,2U,sgU,npl,ntpinoy,,nt,,pino,,,y
Ngkolmpu,TOUCH,futirr,pfv,1A,nsgA,2U,nsgU,npl,srpinoy,,s,r,pino,,,y
Ngkolmpu,TOUCH,futirr,pfv,1A,nsgA,3U,nsgU,npl,srpinoy,,s,r,pino,,,y
Ngkolmpu,TOUCH,futirr,pfv,2A,sgA,1U,sgU,npl,bpino,,b,,pino,,,
Ngkolmpu,TOUCH,futirr,pfv,2A,sgA,1U,nsgU,npl,ntpino,,nt,,pino,,,
Ngkolmpu,TOUCH,futirr,pfv,2A,sgA,3U,nsgU,npl,spino,,s,,pino,,,
Ngkolmpu,TOUCH,futirr,pfv,2A,nsgA,1U,sgU,npl,bpinoy,,b,,pino,,,y
Ngkolmpu,TOUCH,futirr,pfv,2A,nsgA,1U,nsgU,npl,ntpinoy,,nt,,pino,,,y
Ngkolmpu,TOUCH,futirr,pfv,2A,nsgA,3U,nsgU,npl,spinoy,,s,,pino,,,y
Ngkolmpu,TOUCH,futirr,pfv,3A,sgA,1U,sgU,npl,brpino,,b,r,pino,,,
Ngkolmpu,TOUCH,futirr,pfv,3A,sgA,1U,nsgU,npl,ntpino,,nt,,pino,,,
Ngkolmpu,TOUCH,futirr,pfv,3A,sgA,2U,sgU,npl,ntpino,,nt,,pino,,,
Ngkolmpu,TOUCH,futirr,pfv,3A,sgA,2U,nsgU,npl,srpino,,s,r,pino,,,
Ngkolmpu,TOUCH,futirr,pfv,3A,sgA,3U,nsgU,npl,srpino,,s,r,pino,,,
Ngkolmpu,TOUCH,futirr,pfv,3A,nsgA,1U,sgU,npl,brpinome,,b,r,pino,,,me
Ngkolmpu,TOUCH,futirr,pfv,3A,nsgA,1U,nsgU,npl,ntpinome,,nt,,pino,,,me
Ngkolmpu,TOUCH,futirr,pfv,3A,nsgA,2U,sgU,npl,ntpinome,,nt,,pino,,,me
Ngkolmpu,TOUCH,futirr,pfv,3A,nsgA,2U,nsgU,npl,srpinome,,s,r,pino,,,me
Ngkolmpu,TOUCH,futirr,pfv,3A,nsgA,3U,nsgU,npl,srpinome,,s,r,pino,,,me
Ngkolmpu,TOUCH,futign,pfv,1A,sgA,2U,sgU,npl,ntpinoomo,,nt,,pino,,omo,
Ngkolmpu,TOUCH,futign,pfv,1A,sgA,2U,nsgU,npl,srpinoomo,,s,r,pino,,omo,
Ngkolmpu,TOUCH,futign,pfv,1A,sgA,3U,nsgU,npl,srpinoomo,,s,r,pino,,omo,
Ngkolmpu,TOUCH,futign,pfv,1A,nsgA,2U,sgU,npl,ntpinoomoy,,nt,,pino,,omo,y
Ngkolmpu,TOUCH,futign,pfv,1A,nsgA,2U,nsgU,npl,srpinoomoy,,s,r,pino,,omo,y
Ngkolmpu,TOUCH,futign,pfv,1A,nsgA,3U,nsgU,npl,srpinoomoy,,s,r,pino,,omo,y
Ngkolmpu,TOUCH,futign,pfv,2A,sgA,1U,sgU,npl,bpinoomo,,b,,pino,,omo,
Ngkolmpu,TOUCH,futign,pfv,2A,sgA,1U,nsgU,npl,ntpinoomo,,nt,,pino,,omo,
Ngkolmpu,TOUCH,futign,pfv,2A,sgA,3U,nsgU,npl,spinoomo,,s,,pino,,omo,
Ngkolmpu,TOUCH,futign,pfv,2A,nsgA,1U,sgU,npl,bpinoomoy,,b,,pino,,omo,y
Ngkolmpu,TOUCH,futign,pfv,2A,nsgA,1U,nsgU,npl,ntpinoomoy,,nt,,pino,,omo,y
Ngkolmpu,TOUCH,futign,pfv,2A,nsgA,3U,nsgU,npl,spinoomoy,,s,,pino,,omo,y
Ngkolmpu,TOUCH,futign,pfv,3A,sgA,1U,sgU,npl,brpinoomo,,b,r,pino,,omo,
Ngkolmpu,TOUCH,futign,pfv,3A,sgA,1U,nsgU,npl,ntpinoomo,,nt,,pino,,omo,
Ngkolmpu,TOUCH,futign,pfv,3A,sgA,2U,sgU,npl,ntpinoomo,,nt,,pino,,omo,
Ngkolmpu,TOUCH,futign,pfv,3A,sgA,2U,nsgU,npl,srpinoomo,,s,r,pino,,omo,
Ngkolmpu,TOUCH,futign,pfv,3A,sgA,3U,nsgU,npl,srpinoomo,,s,r,pino,,omo,
Ngkolmpu,TOUCH,futign,pfv,3A,nsgA,1U,sgU,npl,brpinoomoy,,b,r,pino,,omo,y
Ngkolmpu,TOUCH,futign,pfv,3A,nsgA,1U,nsgU,npl,ntpinoomoy,,nt,,pino,,omo,y
Ngkolmpu,TOUCH,futign,pfv,3A,nsgA,2U,sgU,npl,ntpinoomoy,,nt,,pino,,omo,y
Ngkolmpu,TOUCH,futign,pfv,3A,nsgA,2U,nsgU,npl,srpinoomoy,,s,r,pino,,omo,y
Ngkolmpu,TOUCH,futign,pfv,3A,nsgA,3U,nsgU,npl,srpinoomoy,,s,r,pino,,omo,y
Ngkolmpu,TOUCH,imp,pfv,1A,sgA,2U,sgU,npl,knpino,,kn,,pino,,,
Ngkolmpu,TOUCH,imp,pfv,1A,sgA,2U,nsgU,npl,srpino,,s,r,pino,,,
Ngkolmpu,TOUCH,imp,pfv,1A,sgA,3U,nsgU,npl,srpino,,s,r,pino,,,
Ngkolmpu,TOUCH,imp,pfv,1A,nsgA,2U,sgU,npl,knpinoy,,kn,,pino,,,y
Ngkolmpu,TOUCH,imp,pfv,1A,nsgA,2U,nsgU,npl,srpinoy,,s,r,pino,,,y
Ngkolmpu,TOUCH,imp,pfv,1A,nsgA,3U,nsgU,npl,srpinoy,,s,r,pino,,,y
Ngkolmpu,TOUCH,imp,pfv,2A,sgA,1U,sgU,npl,bpino,,b,,pino,,,
Ngkolmpu,TOUCH,imp,pfv,2A,sgA,1U,nsgU,npl,knpino,,kn,,pino,,,
Ngkolmpu,TOUCH,imp,pfv,2A,sgA,3U,nsgU,npl,spino,,s,,pino,,,
Ngkolmpu,TOUCH,imp,pfv,2A,nsgA,1U,sgU,npl,bpinoy,,b,,pino,,,y
Ngkolmpu,TOUCH,imp,pfv,2A,nsgA,1U,nsgU,npl,knpinoy,,kn,,pino,,,y
Ngkolmpu,TOUCH,imp,pfv,2A,nsgA,3U,nsgU,npl,spinoy,,s,,pino,,,y
Ngkolmpu,TOUCH,imp,pfv,3A,sgA,1U,sgU,npl,brpino,,b,r,pino,,,
Ngkolmpu,TOUCH,imp,pfv,3A,sgA,1U,nsgU,npl,knpino,,kn,,pino,,,
Ngkolmpu,TOUCH,imp,pfv,3A,sgA,2U,sgU,npl,knpino,,kn,,pino,,,
Ngkolmpu,TOUCH,imp,pfv,3A,sgA,2U,nsgU,npl,srpino,,s,r,pino,,,
Ngkolmpu,TOUCH,imp,pfv,3A,sgA,3U,nsgU,npl,srpino,,s,r,pino,,,
Ngkolmpu,TOUCH,imp,pfv,3A,nsgA,1U,sgU,npl,brpinome,,b,r,pino,,,me
Ngkolmpu,TOUCH,imp,pfv,3A,nsgA,1U,nsgU,npl,knpinome,,kn,,pino,,,me
Ngkolmpu,TOUCH,imp,pfv,3A,nsgA,2U,sgU,npl,knpinome,,kn,,pino,,,me
Ngkolmpu,TOUCH,imp,pfv,3A,nsgA,2U,nsgU,npl,srpinome,,s,r,pino,,,me
Ngkolmpu,TOUCH,imp,pfv,3A,nsgA,3U,nsgU,npl,srpinome,,s,r,pino,,,me
Ngkolmpu,TOUCH,pres,dur,1A,sgA,2U,sgU,npl,wpino,,w,,pino,,,
Ngkolmpu,TOUCH,pres,dur,1A,sgA,2U,sgU,pl,npino,,n,,pino,,,
Ngkolmpu,TOUCH,pres,dur,1A,sgA,2U,nsgU,npl,ypino,,y,,pino,,,
Ngkolmpu,TOUCH,pres,dur,1A,sgA,2U,nsgU,pl,ypino,,y,,pino,,,
Ngkolmpu,TOUCH,pres,dur,1A,sgA,3U,nsgU,npl,ypino,,y,,pino,,,
Ngkolmpu,TOUCH,pres,dur,1A,sgA,3U,nsgU,pl,ypino,,y,,pino,,,
Ngkolmpu,TOUCH,pres,dur,1A,nsgA,2U,sgU,npl,npinoy,,n,,pino,,,y
Ngkolmpu,TOUCH,pres,dur,1A,nsgA,2U,sgU,pl,npinoy,,n,,pino,,,y
Ngkolmpu,TOUCH,pres,dur,1A,nsgA,2U,nsgU,npl,ypinoy,,y,,pino,,,y
Ngkolmpu,TOUCH,pres,dur,1A,nsgA,2U,nsgU,pl,ypinoy,,y,,pino,,,y
Ngkolmpu,TOUCH,pres,dur,1A,nsgA,3U,nsgU,npl,ypinoy,,y,,pino,,,y
Ngkolmpu,TOUCH,pres,dur,1A,nsgA,3U,nsgU,pl,ypinoy,,y,,pino,,,y
Ngkolmpu,TOUCH,pres,dur,2A,sgA,1U,sgU,npl,wpino,,w,,pino,,,
Ngkolmpu,TOUCH,pres,dur,2A,sgA,1U,sgU,pl,wpino,,w,,pino,,,
Ngkolmpu,TOUCH,pres,dur,2A,sgA,1U,nsgU,npl,npino,,n,,pino,,,
Ngkolmpu,TOUCH,pres,dur,2A,sgA,1U,nsgU,pl,npino,,n,,pino,,,
Ngkolmpu,TOUCH,pres,dur,2A,sgA,3U,nsgU,npl,ypino,,y,,pino,,,
Ngkolmpu,TOUCH,pres,dur,2A,sgA,3U,nsgU,pl,ypino,,y,,pino,,,
Ngkolmpu,TOUCH,pres,dur,2A,nsgA,1U,sgU,npl,wpinoy,,w,,pino,,,y
Ngkolmpu,TOUCH,pres,dur,2A,nsgA,1U,sgU,pl,wpinoy,,w,,pino,,,y
Ngkolmpu,TOUCH,pres,dur,2A,nsgA,1U,nsgU,npl,npinoy,,n,,pino,,,y
Ngkolmpu,TOUCH,pres,dur,2A,nsgA,1U,nsgU,pl,npinoy,,n,,pino,,,y
Ngkolmpu,TOUCH,pres,dur,2A,nsgA,3U,nsgU,npl,ypinoy,,y,,pino,,,y
Ngkolmpu,TOUCH,pres,dur,2A,nsgA,3U,nsgU,pl,ypinoy,,y,,pino,,,y
Ngkolmpu,TOUCH,pres,dur,3A,sgA,1U,sgU,npl,wpino,,w,,pino,,,
Ngkolmpu,TOUCH,pres,dur,3A,sgA,1U,sgU,pl,wpino,,w,,pino,,,
Ngkolmpu,TOUCH,pres,dur,3A,sgA,1U,nsgU,npl,npino,,n,,pino,,,
Ngkolmpu,TOUCH,pres,dur,3A,sgA,1U,nsgU,pl,npino,,n,,pino,,,
Ngkolmpu,TOUCH,pres,dur,3A,sgA,2U,sgU,npl,npino,,n,,pino,,,
Ngkolmpu,TOUCH,pres,dur,3A,sgA,2U,sgU,pl,npino,,n,,pino,,,
Ngkolmpu,TOUCH,pres,dur,3A,sgA,2U,nsgU,npl,ypino,,y,,pino,,,
Ngkolmpu,TOUCH,pres,dur,3A,sgA,2U,nsgU,pl,ypino,,y,,pino,,,
Ngkolmpu,TOUCH,pres,dur,3A,sgA,3U,nsgU,npl,ypino,,y,,pino,,,
Ngkolmpu,TOUCH,pres,dur,3A,sgA,3U,nsgU,pl,ypino,,y,,pino,,,
Ngkolmpu,TOUCH,pres,dur,3A,nsgA,1U,sgU,npl,wpinoy,,w,,pino,,,y
Ngkolmpu,TOUCH,pres,dur,3A,nsgA,1U,sgU,pl,wpinoy,,w,,pino,,,y
Ngkolmpu,TOUCH,pres,dur,3A,nsgA,1U,nsgU,npl,npinoy,,n,,pino,,,y
Ngkolmpu,TOUCH,pres,dur,3A,nsgA,1U,nsgU,pl,npinoy,,n,,pino,,,y
Ngkolmpu,TOUCH,pres,dur,3A,nsgA,2U,sgU,npl,npinoy,,n,,pino,,,y
Ngkolmpu,TOUCH,pres,dur,3A,nsgA,2U,sgU,pl,npinoy,,n,,pino,,,y
Ngkolmpu,TOUCH,pres,dur,3A,nsgA,2U,nsgU,npl,ypinoy,,y,,pino,,,y
Ngkolmpu,TOUCH,pres,dur,3A,nsgA,2U,nsgU,pl,ypinoy,,y,,pino,,,y
Ngkolmpu,TOUCH,pres,dur,3A,nsgA,3U,nsgU,npl,ypinoy,,y,,pino,,,y
Ngkolmpu,TOUCH,pres,dur,3A,nsgA,3U,nsgU,pl,ypinoy,,y,,pino,,,y
Ngkolmpu,TOUCH,hod,dur,1A,sgA,2U,sgU,npl,npinoy,,n,,pino,,,y
Ngkolmpu,TOUCH,hod,dur,1A,sgA,2U,sgU,pl,npinoy,,n,,pino,,,y
Ngkolmpu,TOUCH,hod,dur,1A,sgA,2U,nsgU,npl,ypinoy,,y,,pino,,,y
Ngkolmpu,TOUCH,hod,dur,1A,sgA,2U,nsgU,pl,ypinoy,,y,,pino,,,y
Ngkolmpu,TOUCH,hod,dur,1A,sgA,3U,nsgU,npl,ypinoy,,y,,pino,,,y
Ngkolmpu,TOUCH,hod,dur,1A,sgA,3U,nsgU,pl,ypinoy,,y,,pino,,,y
Ngkolmpu,TOUCH,hod,dur,1A,nsgA,2U,sgU,npl,npinons,,n,,pino,,,ns
Ngkolmpu,TOUCH,hod,dur,1A,nsgA,2U,sgU,pl,npinons,,n,,pino,,,ns
Ngkolmpu,TOUCH,hod,dur,1A,nsgA,2U,nsgU,npl,ypinons,,y,,pino,,,ns
Ngkolmpu,TOUCH,hod,dur,1A,nsgA,2U,nsgU,pl,ypinons,,y,,pino,,,ns
Ngkolmpu,TOUCH,hod,dur,1A,nsgA,3U,nsgU,npl,ypinons,,y,,pino,,,ns
Ngkolmpu,TOUCH,hod,dur,1A,nsgA,3U,nsgU,pl,ypinons,,y,,pino,,,ns
Ngkolmpu,TOUCH,hod,dur,2A,sgA,1U,sgU,npl,wpinoy,,w,,pino,,,y
Ngkolmpu,TOUCH,hod,dur,2A,sgA,1U,sgU,pl,wpinoy,,w,,pino,,,y
Ngkolmpu,TOUCH,hod,dur,2A,sgA,1U,nsgU,npl,npinoy,,n,,pino,,,y
Ngkolmpu,TOUCH,hod,dur,2A,sgA,1U,nsgU,pl,npinoy,,n,,pino,,,y
Ngkolmpu,TOUCH,hod,dur,2A,sgA,3U,nsgU,npl,ypinoy,,y,,pino,,,y
Ngkolmpu,TOUCH,hod,dur,2A,sgA,3U,nsgU,pl,ypinoy,,y,,pino,,,y
Ngkolmpu,TOUCH,hod,dur,2A,nsgA,1U,sgU,npl,wpinons,,w,,pino,,,ns
Ngkolmpu,TOUCH,hod,dur,2A,nsgA,1U,sgU,pl,wpinons,,w,,pino,,,ns
Ngkolmpu,TOUCH,hod,dur,2A,nsgA,1U,nsgU,npl,npinons,,n,,pino,,,ns
Ngkolmpu,TOUCH,hod,dur,2A,nsgA,1U,nsgU,pl,npinons,,n,,pino,,,ns
Ngkolmpu,TOUCH,hod,dur,2A,nsgA,3U,nsgU,npl,ypinons,,y,,pino,,,ns
Ngkolmpu,TOUCH,hod,dur,2A,nsgA,3U,nsgU,pl,ypinons,,y,,pino,,,ns
Ngkolmpu,TOUCH,hod,dur,3A,sgA,1U,sgU,npl,wpinoy,,w,,pino,,,y
Ngkolmpu,TOUCH,hod,dur,3A,sgA,1U,sgU,pl,wpinoy,,w,,pino,,,y
Ngkolmpu,TOUCH,hod,dur,3A,sgA,1U,nsgU,npl,npinoy,,n,,pino,,,y
Ngkolmpu,TOUCH,hod,dur,3A,sgA,1U,nsgU,pl,npinoy,,n,,pino,,,y
Ngkolmpu,TOUCH,hod,dur,3A,sgA,2U,sgU,npl,npinoy,,n,,pino,,,y
Ngkolmpu,TOUCH,hod,dur,3A,sgA,2U,sgU,pl,npinoy,,n,,pino,,,y
Ngkolmpu,TOUCH,hod,dur,3A,sgA,2U,nsgU,npl,ypinoy,,y,,pino,,,y
Ngkolmpu,TOUCH,hod,dur,3A,sgA,2U,nsgU,pl,ypinoy,,y,,pino,,,y
Ngkolmpu,TOUCH,hod,dur,3A,sgA,3U,nsgU,npl,ypinoy,,y,,pino,,,y
Ngkolmpu,TOUCH,hod,dur,3A,sgA,3U,nsgU,pl,ypinoy,,y,,pino,,,y
Ngkolmpu,TOUCH,hod,dur,3A,nsgA,1U,sgU,npl,wpinons,,w,,pino,,,ns
Ngkolmpu,TOUCH,hod,dur,3A,nsgA,1U,sgU,pl,wpinons,,w,,pino,,,ns
Ngkolmpu,TOUCH,hod,dur,3A,nsgA,1U,nsgU,npl,npinons,,n,,pino,,,ns
Ngkolmpu,TOUCH,hod,dur,3A,nsgA,1U,nsgU,pl,npinons,,n,,pino,,,ns
Ngkolmpu,TOUCH,hod,dur,3A,nsgA,2U,sgU,npl,npinons,,n,,pino,,,ns
Ngkolmpu,TOUCH,hod,dur,3A,nsgA,2U,sgU,pl,npinons,,n,,pino,,,ns
Ngkolmpu,TOUCH,hod,dur,3A,nsgA,2U,nsgU,npl,ypinons,,y,,pino,,,ns
Ngkolmpu,TOUCH,hod,dur,3A,nsgA,2U,nsgU,pl,ypinons,,y,,pino,,,ns
Ngkolmpu,TOUCH,hod,dur,3A,nsgA,3U,nsgU,npl,ypinons,,y,,pino,,,ns
Ngkolmpu,TOUCH,hod,dur,3A,nsgA,3U,nsgU,pl,ypinons,,y,,pino,,,ns
Ngkolmpu,TOUCH,hod,pfv,1A,sgA,2U,sgU,npl,knpinoy,,kn,,pino,,,y
Ngkolmpu,TOUCH,hod,pfv,1A,sgA,2U,nsgU,npl,spinoy,,s,,pino,,,y
Ngkolmpu,TOUCH,hod,pfv,1A,sgA,3U,nsgU,npl,spinoy,,s,,pino,,,y
Ngkolmpu,TOUCH,hod,pfv,1A,nsgA,2U,sgU,npl,knpinome,,kn,,pino,,,me
Ngkolmpu,TOUCH,hod,pfv,1A,nsgA,2U,nsgU,npl,spinome,,s,,pino,,,me
Ngkolmpu,TOUCH,hod,pfv,1A,nsgA,3U,nsgU,npl,spinome,,s,,pino,,,me
Ngkolmpu,TOUCH,hod,pfv,2A,sgA,1U,sgU,npl,bpino,,b,,pino,,,
Ngkolmpu,TOUCH,hod,pfv,2A,sgA,1U,nsgU,npl,knpino,,kn,,pino,,,
Ngkolmpu,TOUCH,hod,pfv,2A,sgA,3U,nsgU,npl,spino,,s,,pino,,,
Ngkolmpu,TOUCH,hod,pfv,2A,nsgA,1U,sgU,npl,bpinome,,b,,pino,,,me
Ngkolmpu,TOUCH,hod,pfv,2A,nsgA,1U,nsgU,npl,knpinome,,kn,,pino,,,me
Ngkolmpu,TOUCH,hod,pfv,2A,nsgA,3U,nsgU,npl,spinome,,s,,pino,,,me
Ngkolmpu,TOUCH,hod,pfv,3A,sgA,1U,sgU,npl,bpino,,b,,pino,,,
Ngkolmpu,TOUCH,hod,pfv,3A,sgA,1U,nsgU,npl,knpino,,kn,,pino,,,
Ngkolmpu,TOUCH,hod,pfv,3A,sgA,2U,sgU,npl,knpino,,kn,,pino,,,
Ngkolmpu,TOUCH,hod,pfv,3A,sgA,2U,nsgU,npl,spino,,s,,pino,,,
Ngkolmpu,TOUCH,hod,pfv,3A,sgA,3U,nsgU,npl,spino,,s,,pino,,,
Ngkolmpu,TOUCH,hod,pfv,3A,nsgA,1U,sgU,npl,bpinome,,b,,pino,,,me
Ngkolmpu,TOUCH,hod,pfv,3A,nsgA,1U,nsgU,npl,knpinome,,kn,,pino,,,me
Ngkolmpu,TOUCH,hod,pfv,3A,nsgA,2U,sgU,npl,knpinome,,kn,,pino,,,me
Ngkolmpu,TOUCH,hod,pfv,3A,nsgA,2U,nsgU,npl,spinome,,s,,pino,,,me
Ngkolmpu,TOUCH,hod,pfv,3A,nsgA,3U,nsgU,npl,spinome,,s,,pino,,,me
Ngkolmpu,TOUCH,rct,dur,1A,sgA,2U,sgU,npl,kwnpino,kw,n,,pino,,,
Ngkolmpu,TOUCH,rct,dur,1A,sgA,2U,sgU,pl,kwnpino,kw,n,,pino,,,
Ngkolmpu,TOUCH,rct,dur,1A,sgA,2U,nsgU,npl,swpino,,sw,,pino,,,
Ngkolmpu,TOUCH,rct,dur,1A,sgA,2U,nsgU,pl,swpino,,sw,,pino,,,
Ngkolmpu,TOUCH,rct,dur,1A,sgA,3U,nsgU,npl,swpino,,sw,,pino,,,
Ngkolmpu,TOUCH,rct,dur,1A,sgA,3U,nsgU,pl,swpino,,sw,,pino,,,
Ngkolmpu,TOUCH,rct,dur,1A,nsgA,2U,sgU,npl,kwnpinoy,kw,n,,pino,,,y
Ngkolmpu,TOUCH,rct,dur,1A,nsgA,2U,sgU,pl,kwnpinoy,kw,n,,pino,,,y
Ngkolmpu,TOUCH,rct,dur,1A,nsgA,2U,nsgU,npl,swpinoy,,sw,,pino,,,y
Ngkolmpu,TOUCH,rct,dur,1A,nsgA,2U,nsgU,pl,swpinoy,,sw,,pino,,,y
Ngkolmpu,TOUCH,rct,dur,1A,nsgA,3U,nsgU,npl,swpinoy,,sw,,pino,,,y
Ngkolmpu,TOUCH,rct,dur,1A,nsgA,3U,nsgU,pl,swpinoy,,sw,,pino,,,y
Ngkolmpu,TOUCH,rct,dur,2A,sgA,1U,sgU,npl,kwwpino,kw,w,,pino,,,
Ngkolmpu,TOUCH,rct,dur,2A,sgA,1U,sgU,pl,kwwpino,kw,w,,pino,,,
Ngkolmpu,TOUCH,rct,dur,2A,sgA,1U,nsgU,npl,kwnpino,kw,n,,pino,,,
Ngkolmpu,TOUCH,rct,dur,2A,sgA,1U,nsgU,pl,kwnpino,kw,n,,pino,,,
Ngkolmpu,TOUCH,rct,dur,2A,sgA,3U,nsgU,npl,swpino,,sw,,pino,,,
Ngkolmpu,TOUCH,rct,dur,2A,sgA,3U,nsgU,pl,swpino,,sw,,pino,,,
Ngkolmpu,TOUCH,rct,dur,2A,nsgA,1U,sgU,npl,kwwpinoe,kw,w,,pino,,,e
Ngkolmpu,TOUCH,rct,dur,2A,nsgA,1U,sgU,pl,kwwpinoe,kw,w,,pino,,,e
Ngkolmpu,TOUCH,rct,dur,2A,nsgA,1U,nsgU,npl,kwnpinoe,kw,n,,pino,,,e
Ngkolmpu,TOUCH,rct,dur,2A,nsgA,1U,nsgU,pl,kwnpinoe,kw,n,,pino,,,e
Ngkolmpu,TOUCH,rct,dur,2A,nsgA,3U,nsgU,npl,swpinoe,,sw,,pino,,,e
Ngkolmpu,TOUCH,rct,dur,2A,nsgA,3U,nsgU,pl,swpinoe,,sw,,pino,,,e
Ngkolmpu,TOUCH,rct,dur,3A,sgA,1U,sgU,npl,kwwpino,kw,w,,pino,,,
Ngkolmpu,TOUCH,rct,dur,3A,sgA,1U,sgU,pl,kwwpino,kw,w,,pino,,,
Ngkolmpu,TOUCH,rct,dur,3A,sgA,1U,nsgU,npl,kwnpino,kw,n,,pino,,,
Ngkolmpu,TOUCH,rct,dur,3A,sgA,1U,nsgU,pl,kwnpino,kw,n,,pino,,,
Ngkolmpu,TOUCH,rct,dur,3A,sgA,2U,sgU,npl,kwnpino,kw,n,,pino,,,
Ngkolmpu,TOUCH,rct,dur,3A,sgA,2U,sgU,pl,kwnpino,kw,n,,pino,,,
Ngkolmpu,TOUCH,rct,dur,3A,sgA,2U,nsgU,npl,swpino,,sw,,pino,,,
Ngkolmpu,TOUCH,rct,dur,3A,sgA,2U,nsgU,pl,swpino,,sw,,pino,,,
Ngkolmpu,TOUCH,rct,dur,3A,sgA,3U,nsgU,npl,swpino,,sw,,pino,,,
Ngkolmpu,TOUCH,rct,dur,3A,sgA,3U,nsgU,pl,swpino,,sw,,pino,,,
Ngkolmpu,TOUCH,rct,dur,3A,nsgA,1U,sgU,npl,kwwpinoe,kw,w,,pino,,,e
Ngkolmpu,TOUCH,rct,dur,3A,nsgA,1U,sgU,pl,kwwpinoe,kw,w,,pino,,,e
Ngkolmpu,TOUCH,rct,dur,3A,nsgA,1U,nsgU,npl,kwnpinoe,kw,n,,pino,,,e
Ngkolmpu,TOUCH,rct,dur,3A,nsgA,1U,nsgU,pl,kwnpinoe,kw,n,,pino,,,e
Ngkolmpu,TOUCH,rct,dur,3A,nsgA,2U,sgU,npl,kwnpinoe,kw,n,,pino,,,e
Ngkolmpu,TOUCH,rct,dur,3A,nsgA,2U,sgU,pl,kwnpinoe,kw,n,,pino,,,e
Ngkolmpu,TOUCH,rct,dur,3A,nsgA,2U,nsgU,npl,swpinoe,,sw,,pino,,,e
Ngkolmpu,TOUCH,rct,dur,3A,nsgA,2U,nsgU,pl,swpinoe,,sw,,pino,,,e
Ngkolmpu,TOUCH,rct,dur,3A,nsgA,3U,nsgU,npl,swpinoe,,sw,,pino,,,e
Ngkolmpu,TOUCH,rct,dur,3A,nsgA,3U,nsgU,pl,swpinoe,,sw,,pino,,,e
Ngkolmpu,TOUCH,rct,ipfv,1A,sgA,2U,sgU,npl,npinoen,,n,,pino,en,,
Ngkolmpu,TOUCH,rct,ipfv,1A,sgA,2U,sgU,pl,npinoen,,n,,pino,en,,
Ngkolmpu,TOUCH,rct,ipfv,1A,sgA,2U,nsgU,npl,ypinoen,,y,,pino,en,,
Ngkolmpu,TOUCH,rct,ipfv,1A,sgA,2U,nsgU,pl,ypinoen,,y,,pino,en,,
Ngkolmpu,TOUCH,rct,ipfv,1A,sgA,3U,nsgU,npl,ypinoen,,y,,pino,en,,
Ngkolmpu,TOUCH,rct,ipfv,1A,sgA,3U,nsgU,pl,ypinoen,,y,,pino,en,,
Ngkolmpu,TOUCH,rct,ipfv,1A,nsgA,2U,sgU,npl,npinoene,,n,,pino,en,,e
Ngkolmpu,TOUCH,rct,ipfv,1A,nsgA,2U,sgU,pl,npinoene,,n,,pino,en,,e
Ngkolmpu,TOUCH,rct,ipfv,1A,nsgA,2U,nsgU,npl,ypinoene,,y,,pino,en,,e
Ngkolmpu,TOUCH,rct,ipfv,1A,nsgA,2U,nsgU,pl,ypinoene,,y,,pino,en,,e
Ngkolmpu,TOUCH,rct,ipfv,1A,nsgA,3U,nsgU,npl,ypinoene,,y,,pino,en,,e
Ngkolmpu,TOUCH,rct,ipfv,1A,nsgA,3U,nsgU,pl,ypinoene,,y,,pino,en,,e
Ngkolmpu,TOUCH,rct,ipfv,2A,sgA,1U,sgU,npl,wpinoen,,w,,pino,en,,
Ngkolmpu,TOUCH,rct,ipfv,2A,sgA,1U,sgU,pl,wpinoen,,w,,pino,en,,
Ngkolmpu,TOUCH,rct,ipfv,2A,sgA,1U,nsgU,npl,npinoen,,n,,pino,en,,
Ngkolmpu,TOUCH,rct,ipfv,2A,sgA,1U,nsgU,pl,npinoen,,n,,pino,en,,
Ngkolmpu,TOUCH,rct,ipfv,2A,sgA,3U,nsgU,npl,ypinoen,,y,,pino,en,,
Ngkolmpu,TOUCH,rct,ipfv,2A,sgA,3U,nsgU,pl,ypinoen,,y,,pino,en,,
Ngkolmpu,TOUCH,rct,ipfv,2A,nsgA,1U,sgU,npl,wpinoene,,w,,pino,en,,e
Ngkolmpu,TOUCH,rct,ipfv,2A,nsgA,1U,sgU,pl,wpinoene,,w,,pino,en,,e
Ngkolmpu,TOUCH,rct,ipfv,2A,nsgA,1U,nsgU,npl,npinoene,,n,,pino,en,,e
Ngkolmpu,TOUCH,rct,ipfv,2A,nsgA,1U,nsgU,pl,npinoene,,n,,pino,en,,e
Ngkolmpu,TOUCH,rct,ipfv,2A,nsgA,3U,nsgU,npl,ypinoene,,y,,pino,en,,e
Ngkolmpu,TOUCH,rct,ipfv,2A,nsgA,3U,nsgU,pl,ypinoene,,y,,pino,en,,e
Ngkolmpu,TOUCH,rct,ipfv,3A,sgA,1U,sgU,npl,wpinoen,,w,,pino,en,,
Ngkolmpu,TOUCH,rct,ipfv,3A,sgA,1U,sgU,pl,wpinoen,,w,,pino,en,,
Ngkolmpu,TOUCH,rct,ipfv,3A,sgA,1U,nsgU,npl,npinoen,,n,,pino,en,,
Ngkolmpu,TOUCH,rct,ipfv,3A,sgA,1U,nsgU,pl,npinoen,,n,,pino,en,,
Ngkolmpu,TOUCH,rct,ipfv,3A,sgA,2U,sgU,npl,npinoen,,n,,pino,en,,
Ngkolmpu,TOUCH,rct,ipfv,3A,sgA,2U,sgU,pl,npinoen,,n,,pino,en,,
Ngkolmpu,TOUCH,rct,ipfv,3A,sgA,2U,nsgU,npl,ypinoen,,y,,pino,en,,
Ngkolmpu,TOUCH,rct,ipfv,3A,sgA,2U,nsgU,pl,ypinoen,,y,,pino,en,,
Ngkolmpu,TOUCH,rct,ipfv,3A,sgA,3U,nsgU,npl,ypinoen,,y,,pino,en,,
Ngkolmpu,TOUCH,rct,ipfv,3A,sgA,3U,nsgU,pl,ypinoen,,y,,pino,en,,
Ngkolmpu,TOUCH,rct,ipfv,3A,nsgA,1U,sgU,npl,wpinoene,,w,,pino,en,,e
Ngkolmpu,TOUCH,rct,ipfv,3A,nsgA,1U,sgU,pl,wpinoene,,w,,pino,en,,e
Ngkolmpu,TOUCH,rct,ipfv,3A,nsgA,1U,nsgU,npl,npinoene,,n,,pino,en,,e
Ngkolmpu,TOUCH,rct,ipfv,3A,nsgA,1U,nsgU,pl,npinoene,,n,,pino,en,,e
Ngkolmpu,TOUCH,rct,ipfv,3A,nsgA,2U,sgU,npl,npinoene,,n,,pino,en,,e
Ngkolmpu,TOUCH,rct,ipfv,3A,nsgA,2U,sgU,pl,npinoene,,n,,pino,en,,e
Ngkolmpu,TOUCH,rct,ipfv,3A,nsgA,2U,nsgU,npl,ypinoene,,y,,pino,en,,e
Ngkolmpu,TOUCH,rct,ipfv,3A,nsgA,2U,nsgU,pl,ypinoene,,y,,pino,en,,e
Ngkolmpu,TOUCH,rct,ipfv,3A,nsgA,3U,nsgU,npl,ypinoene,,y,,pino,en,,e
Ngkolmpu,TOUCH,rct,ipfv,3A,nsgA,3U,nsgU,pl,ypinoene,,y,,pino,en,,e
Ngkolmpu,TOUCH,rct,pfv,1A,sgA,2U,sgU,npl,knpinont,,kn,,pino,nt,,
Ngkolmpu,TOUCH,rct,pfv,1A,sgA,2U,nsgU,npl,spinont,,s,,pino,nt,,
Ngkolmpu,TOUCH,rct,pfv,1A,sgA,3U,nsgU,npl,spinont,,s,,pino,nt,,
Ngkolmpu,TOUCH,rct,pfv,1A,nsgA,2U,sgU,npl,knpinontrans,,kn,,pino,nt,,rans
Ngkolmpu,TOUCH,rct,pfv,1A,nsgA,2U,nsgU,npl,spinontrans,,s,,pino,nt,,rans
Ngkolmpu,TOUCH,rct,pfv,1A,nsgA,3U,nsgU,npl,spinontrans,,s,,pino,nt,,rans
Ngkolmpu,TOUCH,rct,pfv,2A,sgA,1U,sgU,npl,bpinont,,b,,pino,nt,,
Ngkolmpu,TOUCH,rct,pfv,2A,sgA,1U,nsgU,npl,knpinont,,kn,,pino,nt,,
Ngkolmpu,TOUCH,rct,pfv,2A,sgA,3U,nsgU,npl,spinont,,s,,pino,nt,,
Ngkolmpu,TOUCH,rct,pfv,2A,nsgA,1U,sgU,npl,bpinontrans,,b,,pino,nt,,rans
Ngkolmpu,TOUCH,rct,pfv,2A,nsgA,1U,nsgU,npl,knpinontrans,,kn,,pino,nt,,rans
Ngkolmpu,TOUCH,rct,pfv,2A,nsgA,3U,nsgU,npl,spinontrans,,s,,pino,nt,,rans
Ngkolmpu,TOUCH,rct,pfv,3A,sgA,1U,sgU,npl,bpinont,,b,,pino,nt,,
Ngkolmpu,TOUCH,rct,pfv,3A,sgA,1U,nsgU,npl,knpinont,,kn,,pino,nt,,
Ngkolmpu,TOUCH,rct,pfv,3A,sgA,2U,sgU,npl,knpinont,,kn,,pino,nt,,
Ngkolmpu,TOUCH,rct,pfv,3A,sgA,2U,nsgU,npl,spinont,,s,,pino,nt,,
Ngkolmpu,TOUCH,rct,pfv,3A,sgA,3U,nsgU,npl,spinont,,s,,pino,nt,,
Ngkolmpu,TOUCH,rct,pfv,3A,nsgA,1U,sgU,npl,bpinontrans,,b,,pino,nt,,rans
Ngkolmpu,TOUCH,rct,pfv,3A,nsgA,1U,nsgU,npl,knpinontrans,,kn,,pino,nt,,rans
Ngkolmpu,TOUCH,rct,pfv,3A,nsgA,2U,sgU,npl,knpinontrans,,kn,,pino,nt,,rans
Ngkolmpu,TOUCH,rct,pfv,3A,nsgA,2U,nsgU,npl,spinontrans,,s,,pino,nt,,rans
Ngkolmpu,TOUCH,rct,pfv,3A,nsgA,3U,nsgU,npl,spinontrans,,s,,pino,nt,,rans
Ngkolmpu,TOUCH,rmt,dur,1A,sgA,2U,sgU,npl,npinow,,n,,pino,,,w
Ngkolmpu,TOUCH,rmt,dur,1A,sgA,2U,sgU,pl,npinow,,n,,pino,,,w
Ngkolmpu,TOUCH,rmt,dur,1A,sgA,2U,nsgU,npl,ypinow,,y,,pino,,,w
Ngkolmpu,TOUCH,rmt,dur,1A,sgA,2U,nsgU,pl,ypinow,,y,,pino,,,w
Ngkolmpu,TOUCH,rmt,dur,1A,sgA,3U,nsgU,npl,ypinow,,y,,pino,,,w
Ngkolmpu,TOUCH,rmt,dur,1A,sgA,3U,nsgU,pl,ypinow,,y,,pino,,,w
Ngkolmpu,TOUCH,rmt,dur,1A,nsgA,2U,sgU,npl,npinongkai,,n,,pino,ngk,,ai
Ngkolmpu,TOUCH,rmt,dur,1A,nsgA,2U,sgU,pl,npinongkai,,n,,pino,ngk,,ai
Ngkolmpu,TOUCH,rmt,dur,1A,nsgA,2U,nsgU,npl,ypinongkai,,y,,pino,ngk,,ai
Ngkolmpu,TOUCH,rmt,dur,1A,nsgA,2U,nsgU,pl,ypinongkai,,y,,pino,ngk,,ai
Ngkolmpu,TOUCH,rmt,dur,1A,nsgA,3U,nsgU,npl,ypinongkai,,y,,pino,ngk,,ai
Ngkolmpu,TOUCH,rmt,dur,1A,nsgA,3U,nsgU,pl,ypinongkai,,y,,pino,ngk,,ai
Ngkolmpu,TOUCH,rmt,dur,2A,sgA,1U,sgU,npl,wpinow,,w,,pino,,,w
Ngkolmpu,TOUCH,rmt,dur,2A,sgA,1U,sgU,pl,wpinow,,w,,pino,,,w
Ngkolmpu,TOUCH,rmt,dur,2A,sgA,1U,nsgU,npl,npinow,,n,,pino,,,w
Ngkolmpu,TOUCH,rmt,dur,2A,sgA,1U,nsgU,pl,npinow,,n,,pino,,,w
Ngkolmpu,TOUCH,rmt,dur,2A,sgA,3U,nsgU,npl,ypinow,,y,,pino,,,w
Ngkolmpu,TOUCH,rmt,dur,2A,sgA,3U,nsgU,pl,ypinow,,y,,pino,,,w
Ngkolmpu,TOUCH,rmt,dur,2A,nsgA,1U,sgU,npl,wpinongkai,,w,,pino,ngk,,ai
Ngkolmpu,TOUCH,rmt,dur,2A,nsgA,1U,sgU,pl,wpinongkai,,w,,pino,ngk,,ai
Ngkolmpu,TOUCH,rmt,dur,2A,nsgA,1U,nsgU,npl,npinongkai,,n,,pino,ngk,,ai
Ngkolmpu,TOUCH,rmt,dur,2A,nsgA,1U,nsgU,pl,npinongkai,,n,,pino,ngk,,ai
Ngkolmpu,TOUCH,rmt,dur,2A,nsgA,3U,nsgU,npl,ypinongkai,,y,,pino,ngk,,ai
Ngkolmpu,TOUCH,rmt,dur,2A,nsgA,3U,nsgU,pl,ypinongkai,,y,,pino,ngk,,ai
Ngkolmpu,TOUCH,rmt,dur,3A,sgA,1U,sgU,npl,wpinow,,w,,pino,,,w
Ngkolmpu,TOUCH,rmt,dur,3A,sgA,1U,sgU,pl,wpinow,,w,,pino,,,w
Ngkolmpu,TOUCH,rmt,dur,3A,sgA,1U,nsgU,npl,npinow,,n,,pino,,,w
Ngkolmpu,TOUCH,rmt,dur,3A,sgA,1U,nsgU,pl,npinow,,n,,pino,,,w
Ngkolmpu,TOUCH,rmt,dur,3A,sgA,2U,sgU,npl,npinow,,n,,pino,,,w
Ngkolmpu,TOUCH,rmt,dur,3A,sgA,2U,sgU,pl,npinow,,n,,pino,,,w
Ngkolmpu,TOUCH,rmt,dur,3A,sgA,2U,nsgU,npl,ypinow,,y,,pino,,,w
Ngkolmpu,TOUCH,rmt,dur,3A,sgA,2U,nsgU,pl,ypinow,,y,,pino,,,w
Ngkolmpu,TOUCH,rmt,dur,3A,sgA,3U,nsgU,npl,ypinow,,y,,pino,,,w
Ngkolmpu,TOUCH,rmt,dur,3A,sgA,3U,nsgU,pl,ypinow,,y,,pino,,,w
Ngkolmpu,TOUCH,rmt,dur,3A,nsgA,1U,sgU,npl,wpinongkai,,w,,pino,ngk,,ai
Ngkolmpu,TOUCH,rmt,dur,3A,nsgA,1U,sgU,pl,wpinongkai,,w,,pino,ngk,,ai
Ngkolmpu,TOUCH,rmt,dur,3A,nsgA,1U,nsgU,npl,npinongkai,,n,,pino,ngk,,ai
Ngkolmpu,TOUCH,rmt,dur,3A,nsgA,1U,nsgU,pl,npinongkai,,n,,pino,ngk,,ai
Ngkolmpu,TOUCH,rmt,dur,3A,nsgA,2U,sgU,npl,npinongkai,,n,,pino,ngk,,ai
Ngkolmpu,TOUCH,rmt,dur,3A,nsgA,2U,sgU,pl,npinongkai,,n,,pino,ngk,,ai
Ngkolmpu,TOUCH,rmt,dur,3A,nsgA,2U,nsgU,npl,ypinongkai,,y,,pino,ngk,,ai
Ngkolmpu,TOUCH,rmt,dur,3A,nsgA,2U,nsgU,pl,ypinongkai,,y,,pino,ngk,,ai
Ngkolmpu,TOUCH,rmt,dur,3A,nsgA,3U,nsgU,npl,ypinongkai,,y,,pino,ngk,,ai
Ngkolmpu,TOUCH,rmt,dur,3A,nsgA,3U,nsgU,pl,ypinongkai,,y,,pino,ngk,,ai
Ngkolmpu,TOUCH,pstpot,dur,1A,sgA,2U,sgU,npl,npinongk,,n,,pino,ngk,,
Ngkolmpu,TOUCH,pstpot,dur,1A,sgA,2U,sgU,pl,npinongk,,n,,pino,ngk,,
Ngkolmpu,TOUCH,pstpot,dur,1A,sgA,2U,nsgU,npl,ypinongk,,y,,pino,ngk,,
Ngkolmpu,TOUCH,pstpot,dur,1A,sgA,2U,nsgU,pl,ypinongk,,y,,pino,ngk,,
Ngkolmpu,TOUCH,pstpot,dur,1A,sgA,3U,nsgU,npl,ypinongk,,y,,pino,ngk,,
Ngkolmpu,TOUCH,pstpot,dur,1A,sgA,3U,nsgU,pl,ypinongk,,y,,pino,ngk,,
Ngkolmpu,TOUCH,pstpot,dur,1A,nsgA,2U,sgU,npl,npinongkai,,n,,pino,ngk,,ai
Ngkolmpu,TOUCH,pstpot,dur,1A,nsgA,2U,sgU,pl,npinongkai,,n,,pino,ngk,,ai
Ngkolmpu,TOUCH,pstpot,dur,1A,nsgA,2U,nsgU,npl,ypinongkai,,y,,pino,ngk,,ai
Ngkolmpu,TOUCH,pstpot,dur,1A,nsgA,2U,nsgU,pl,ypinongkai,,y,,pino,ngk,,ai
Ngkolmpu,TOUCH,pstpot,dur,1A,nsgA,3U,nsgU,npl,ypinongkai,,y,,pino,ngk,,ai
Ngkolmpu,TOUCH,pstpot,dur,1A,nsgA,3U,nsgU,pl,ypinongkai,,y,,pino,ngk,,ai
Ngkolmpu,TOUCH,pstpot,dur,2A,sgA,1U,sgU,npl,wpinongk,,w,,pino,ngk,,
Ngkolmpu,TOUCH,pstpot,dur,2A,sgA,1U,sgU,pl,wpinongk,,w,,pino,ngk,,
Ngkolmpu,TOUCH,pstpot,dur,2A,sgA,1U,nsgU,npl,npinongk,,n,,pino,ngk,,
Ngkolmpu,TOUCH,pstpot,dur,2A,sgA,1U,nsgU,pl,npinongk,,n,,pino,ngk,,
Ngkolmpu,TOUCH,pstpot,dur,2A,sgA,3U,nsgU,npl,ypinongk,,y,,pino,ngk,,
Ngkolmpu,TOUCH,pstpot,dur,2A,sgA,3U,nsgU,pl,ypinongk,,y,,pino,ngk,,
Ngkolmpu,TOUCH,pstpot,dur,2A,nsgA,1U,sgU,npl,wpinongkai,,w,,pino,ngk,,ai
Ngkolmpu,TOUCH,pstpot,dur,2A,nsgA,1U,sgU,pl,wpinongkai,,w,,pino,ngk,,ai
Ngkolmpu,TOUCH,pstpot,dur,2A,nsgA,1U,nsgU,npl,npinongkai,,n,,pino,ngk,,ai
Ngkolmpu,TOUCH,pstpot,dur,2A,nsgA,1U,nsgU,pl,npinongkai,,n,,pino,ngk,,ai
Ngkolmpu,TOUCH,pstpot,dur,2A,nsgA,3U,nsgU,npl,ypinongkai,,y,,pino,ngk,,ai
Ngkolmpu,TOUCH,pstpot,dur,2A,nsgA,3U,nsgU,pl,ypinongkai,,y,,pino,ngk,,ai
Ngkolmpu,TOUCH,pstpot,dur,3A,sgA,1U,sgU,npl,wpinongk,,w,,pino,ngk,,
Ngkolmpu,TOUCH,pstpot,dur,3A,sgA,1U,sgU,pl,wpinongk,,w,,pino,ngk,,
Ngkolmpu,TOUCH,pstpot,dur,3A,sgA,1U,nsgU,npl,npinongk,,n,,pino,ngk,,
Ngkolmpu,TOUCH,pstpot,dur,3A,sgA,1U,nsgU,pl,npinongk,,n,,pino,ngk,,
Ngkolmpu,TOUCH,pstpot,dur,3A,sgA,2U,sgU,npl,npinongk,,n,,pino,ngk,,
Ngkolmpu,TOUCH,pstpot,dur,3A,sgA,2U,sgU,pl,npinongk,,n,,pino,ngk,,
Ngkolmpu,TOUCH,pstpot,dur,3A,sgA,2U,nsgU,npl,ypinongk,,y,,pino,ngk,,
Ngkolmpu,TOUCH,pstpot,dur,3A,sgA,2U,nsgU,pl,ypinongk,,y,,pino,ngk,,
Ngkolmpu,TOUCH,pstpot,dur,3A,sgA,3U,nsgU,npl,ypinongk,,y,,pino,ngk,,
Ngkolmpu,TOUCH,pstpot,dur,3A,sgA,3U,nsgU,pl,ypinongk,,y,,pino,ngk,,
Ngkolmpu,TOUCH,pstpot,dur,3A,nsgA,1U,sgU,npl,wpinongkai,,w,,pino,ngk,,ai
Ngkolmpu,TOUCH,pstpot,dur,3A,nsgA,1U,sgU,pl,wpinongkai,,w,,pino,ngk,,ai
Ngkolmpu,TOUCH,pstpot,dur,3A,nsgA,1U,nsgU,npl,npinongkai,,n,,pino,ngk,,ai
Ngkolmpu,TOUCH,pstpot,dur,3A,nsgA,1U,nsgU,pl,npinongkai,,n,,pino,ngk,,ai
Ngkolmpu,TOUCH,pstpot,dur,3A,nsgA,2U,sgU,npl,npinongkai,,n,,pino,ngk,,ai
Ngkolmpu,TOUCH,pstpot,dur,3A,nsgA,2U,sgU,pl,npinongkai,,n,,pino,ngk,,ai
Ngkolmpu,TOUCH,pstpot,dur,3A,nsgA,2U,nsgU,npl,ypinongkai,,y,,pino,ngk,,ai
Ngkolmpu,TOUCH,pstpot,dur,3A,nsgA,2U,nsgU,pl,ypinongkai,,y,,pino,ngk,,ai
Ngkolmpu,TOUCH,pstpot,dur,3A,nsgA,3U,nsgU,npl,ypinongkai,,y,,pino,ngk,,ai
Ngkolmpu,TOUCH,pstpot,dur,3A,nsgA,3U,nsgU,pl,ypinongkai,,y,,pino,ngk,,ai
Ngkolmpu,TOUCH,rmt,ipfv,1A,sgA,2U,sgU,npl,kwnpinornt,kw,n,,pino,rnt,,
Ngkolmpu,TOUCH,rmt,ipfv,1A,sgA,2U,sgU,pl,kwnpinornt,kw,n,,pino,rnt,,
Ngkolmpu,TOUCH,rmt,ipfv,1A,sgA,2U,nsgU,npl,swpinornt,,sw,,pino,rnt,,
Ngkolmpu,TOUCH,rmt,ipfv,1A,sgA,2U,nsgU,pl,swpinornt,,sw,,pino,rnt,,
Ngkolmpu,TOUCH,rmt,ipfv,1A,sgA,3U,nsgU,npl,swpinornt,,sw,,pino,rnt,,
Ngkolmpu,TOUCH,rmt,ipfv,1A,sgA,3U,nsgU,pl,swpinornt,,sw,,pino,rnt,,
Ngkolmpu,TOUCH,rmt,ipfv,1A,nsgA,2U,sgU,npl,kwnpinornte,kw,n,,pino,rnt,,e
Ngkolmpu,TOUCH,rmt,ipfv,1A,nsgA,2U,sgU,pl,kwnpinornte,kw,n,,pino,rnt,,e
Ngkolmpu,TOUCH,rmt,ipfv,1A,nsgA,2U,nsgU,npl,swpinornte,,sw,,pino,rnt,,e
Ngkolmpu,TOUCH,rmt,ipfv,1A,nsgA,2U,nsgU,pl,swpinornte,,sw,,pino,rnt,,e
Ngkolmpu,TOUCH,rmt,ipfv,1A,nsgA,3U,nsgU,npl,swpinornte,,sw,,pino,rnt,,e
Ngkolmpu,TOUCH,rmt,ipfv,1A,nsgA,3U,nsgU,pl,swpinornte,,sw,,pino,rnt,,e
Ngkolmpu,TOUCH,rmt,ipfv,2A,sgA,1U,sgU,npl,kwwpinornt,kw,w,,pino,rnt,,
Ngkolmpu,TOUCH,rmt,ipfv,2A,sgA,1U,sgU,pl,kwwpinornt,kw,w,,pino,rnt,,
Ngkolmpu,TOUCH,rmt,ipfv,2A,sgA,1U,nsgU,npl,kwnpinornt,kw,n,,pino,rnt,,
Ngkolmpu,TOUCH,rmt,ipfv,2A,sgA,1U,nsgU,pl,kwnpinornt,kw,n,,pino,rnt,,
Ngkolmpu,TOUCH,rmt,ipfv,2A,sgA,3U,nsgU,npl,swpinornt,,sw,,pino,rnt,,
Ngkolmpu,TOUCH,rmt,ipfv,2A,sgA,3U,nsgU,pl,swpinornt,,sw,,pino,rnt,,
Ngkolmpu,TOUCH,rmt,ipfv,2A,nsgA,1U,sgU,npl,kwwpinornte,kw,w,,pino,rnt,,e
Ngkolmpu,TOUCH,rmt,ipfv,2A,nsgA,1U,sgU,pl,kwwpinornte,kw,w,,pino,rnt,,e
Ngkolmpu,TOUCH,rmt,ipfv,2A,nsgA,1U,nsgU,npl,kwnpinornte,kw,n,,pino,rnt,,e
Ngkolmpu,TOUCH,rmt,ipfv,2A,nsgA,1U,nsgU,pl,kwnpinornte,kw,n,,pino,rnt,,e
Ngkolmpu,TOUCH,rmt,ipfv,2A,nsgA,3U,nsgU,npl,swpinornte,,sw,,pino,rnt,,e
Ngkolmpu,TOUCH,rmt,ipfv,2A,nsgA,3U,nsgU,pl,swpinornte,,sw,,pino,rnt,,e
Ngkolmpu,TOUCH,rmt,ipfv,3A,sgA,1U,sgU,npl,kwwpinornt,kw,w,,pino,rnt,,
Ngkolmpu,TOUCH,rmt,ipfv,3A,sgA,1U,sgU,pl,kwwpinornt,kw,w,,pino,rnt,,
Ngkolmpu,TOUCH,rmt,ipfv,3A,sgA,1U,nsgU,npl,kwnpinornt,kw,n,,pino,rnt,,
Ngkolmpu,TOUCH,rmt,ipfv,3A,sgA,1U,nsgU,pl,kwnpinornt,kw,n,,pino,rnt,,
Ngkolmpu,TOUCH,rmt,ipfv,3A,sgA,2U,sgU,npl,kwnpinornt,kw,n,,pino,rnt,,
Ngkolmpu,TOUCH,rmt,ipfv,3A,sgA,2U,sgU,pl,kwnpinornt,kw,n,,pino,rnt,,
Ngkolmpu,TOUCH,rmt,ipfv,3A,sgA,2U,nsgU,npl,swpinornt,,sw,,pino,rnt,,
Ngkolmpu,TOUCH,rmt,ipfv,3A,sgA,2U,nsgU,pl,swpinornt,,sw,,pino,rnt,,
Ngkolmpu,TOUCH,rmt,ipfv,3A,sgA,3U,nsgU,npl,swpinornt,,sw,,pino,rnt,,
Ngkolmpu,TOUCH,rmt,ipfv,3A,sgA,3U,nsgU,pl,swpinornt,,sw,,pino,rnt,,
Ngkolmpu,TOUCH,rmt,ipfv,3A,nsgA,1U,sgU,npl,kwwpinornte,kw,w,,pino,rnt,,e
Ngkolmpu,TOUCH,rmt,ipfv,3A,nsgA,1U,sgU,pl,kwwpinornte,kw,w,,pino,rnt,,e
Ngkolmpu,TOUCH,rmt,ipfv,3A,nsgA,1U,nsgU,npl,kwnpinornte,kw,n,,pino,rnt,,e
Ngkolmpu,TOUCH,rmt,ipfv,3A,nsgA,1U,nsgU,pl,kwnpinornte,kw,n,,pino,rnt,,e
Ngkolmpu,TOUCH,rmt,ipfv,3A,nsgA,2U,sgU,npl,kwnpinornte,kw,n,,pino,rnt,,e
Ngkolmpu,TOUCH,rmt,ipfv,3A,nsgA,2U,sgU,pl,kwnpinornte,kw,n,,pino,rnt,,e
Ngkolmpu,TOUCH,rmt,ipfv,3A,nsgA,2U,nsgU,npl,swpinornte,,sw,,pino,rnt,,e
Ngkolmpu,TOUCH,rmt,ipfv,3A,nsgA,2U,nsgU,pl,swpinornte,,sw,,pino,rnt,,e
Ngkolmpu,TOUCH,rmt,ipfv,3A,nsgA,3U,nsgU,npl,swpinornte,,sw,,pino,rnt,,e
Ngkolmpu,TOUCH,rmt,ipfv,3A,nsgA,3U,nsgU,pl,swpinornte,,sw,,pino,rnt,,e
Ngkolmpu,TOUCH,rmt,pfv,1A,sgA,2U,sgU,npl,knpinongk,,kn,,pino,ngk,,
Ngkolmpu,TOUCH,rmt,pfv,1A,sgA,2U,nsgU,npl,spinongk,,s,,pino,ngk,,
Ngkolmpu,TOUCH,rmt,pfv,1A,sgA,3U,nsgU,npl,spinongk,,s,,pino,ngk,,
Ngkolmpu,TOUCH,rmt,pfv,1A,nsgA,2U,sgU,npl,knpinongkai,,kn,,pino,ngk,,ai
Ngkolmpu,TOUCH,rmt,pfv,1A,nsgA,2U,nsgU,npl,spinongkai,,s,,pino,ngk,,ai
Ngkolmpu,TOUCH,rmt,pfv,1A,nsgA,3U,nsgU,npl,spinongkai,,s,,pino,ngk,,ai
Ngkolmpu,TOUCH,rmt,pfv,2A,sgA,1U,sgU,npl,bpinongk,,b,,pino,ngk,,
Ngkolmpu,TOUCH,rmt,pfv,2A,sgA,1U,nsgU,npl,knpinongk,,kn,,pino,ngk,,
Ngkolmpu,TOUCH,rmt,pfv,2A,sgA,3U,nsgU,npl,spinongk,,s,,pino,ngk,,
Ngkolmpu,TOUCH,rmt,pfv,2A,nsgA,1U,sgU,npl,bpinongkai,,b,,pino,ngk,,ai
Ngkolmpu,TOUCH,rmt,pfv,2A,nsgA,1U,nsgU,npl,knpinongkai,,kn,,pino,ngk,,ai
Ngkolmpu,TOUCH,rmt,pfv,2A,nsgA,3U,nsgU,npl,spinongkai,,s,,pino,ngk,,ai
Ngkolmpu,TOUCH,rmt,pfv,3A,sgA,1U,sgU,npl,bpinongk,,b,,pino,ngk,,
Ngkolmpu,TOUCH,rmt,pfv,3A,sgA,1U,nsgU,npl,knpinongk,,kn,,pino,ngk,,
Ngkolmpu,TOUCH,rmt,pfv,3A,sgA,2U,sgU,npl,knpinongk,,kn,,pino,ngk,,
Ngkolmpu,TOUCH,rmt,pfv,3A,sgA,2U,nsgU,npl,spinongk,,s,,pino,ngk,,
Ngkolmpu,TOUCH,rmt,pfv,3A,sgA,3U,nsgU,npl,spinongk,,s,,pino,ngk,,
Ngkolmpu,TOUCH,rmt,pfv,3A,nsgA,1U,sgU,npl,bpinongkai,,b,,pino,ngk,,ai
Ngkolmpu,TOUCH,rmt,pfv,3A,nsgA,1U,nsgU,npl,knpinongkai,,kn,,pino,ngk,,ai
Ngkolmpu,TOUCH,rmt,pfv,3A,nsgA,2U,sgU,npl,knpinongkai,,kn,,pino,ngk,,ai
Ngkolmpu,TOUCH,rmt,pfv,3A,nsgA,2U,nsgU,npl,spinongkai,,s,,pino,ngk,,ai
Ngkolmpu,TOUCH,futirr,dur,1A,sgA,2U,sgU,npl,ntpinont,,nt,,pino,,,nt
Ngkolmpu,TOUCH,futirr,dur,1A,sgA,2U,sgU,pl,ntpinont,,nt,,pino,,,nt
Ngkolmpu,TOUCH,futirr,dur,1A,sgA,2U,nsgU,npl,srpinont,,s,r,pino,,,nt
Ngkolmpu,TOUCH,futirr,dur,1A,sgA,2U,nsgU,pl,srpinont,,s,r,pino,,,nt
Ngkolmpu,TOUCH,futirr,dur,1A,sgA,3U,nsgU,npl,srpinont,,s,r,pino,,,nt
Ngkolmpu,TOUCH,futirr,dur,1A,sgA,3U,nsgU,pl,srpinont,,s,r,pino,,,nt
Ngkolmpu,TOUCH,futirr,dur,1A,nsgA,2U,sgU,npl,ntpinont,,nt,,pino,nt,,
Ngkolmpu,TOUCH,futirr,dur,1A,nsgA,2U,sgU,pl,ntpinont,,nt,,pino,nt,,
Ngkolmpu,TOUCH,futirr,dur,1A,nsgA,2U,nsgU,npl,srpinont,,s,r,pino,nt,,
Ngkolmpu,TOUCH,futirr,dur,1A,nsgA,2U,nsgU,pl,srpinont,,s,r,pino,nt,,
Ngkolmpu,TOUCH,futirr,dur,1A,nsgA,3U,nsgU,npl,srpinont,,s,r,pino,nt,,
Ngkolmpu,TOUCH,futirr,dur,1A,nsgA,3U,nsgU,pl,srpinont,,s,r,pino,nt,,
Ngkolmpu,TOUCH,futirr,dur,2A,sgA,1U,sgU,npl,bpinont,,b,,pino,nt,,
Ngkolmpu,TOUCH,futirr,dur,2A,sgA,1U,sgU,pl,bpinont,,b,,pino,nt,,
Ngkolmpu,TOUCH,futirr,dur,2A,sgA,1U,nsgU,npl,ntpinont,,nt,,pino,nt,,
Ngkolmpu,TOUCH,futirr,dur,2A,sgA,1U,nsgU,pl,ntpinont,,nt,,pino,nt,,
Ngkolmpu,TOUCH,futirr,dur,2A,sgA,3U,nsgU,npl,spinont,,s,,pino,nt,,
Ngkolmpu,TOUCH,futirr,dur,2A,sgA,3U,nsgU,pl,spinont,,s,,pino,nt,,
Ngkolmpu,TOUCH,futirr,dur,2A,nsgA,1U,sgU,npl,bpinont,,b,,pino,nt,,
Ngkolmpu,TOUCH,futirr,dur,2A,nsgA,1U,sgU,pl,bpinont,,b,,pino,nt,,
Ngkolmpu,TOUCH,futirr,dur,2A,nsgA,1U,nsgU,npl,ntpinont,,nt,,pino,nt,,
Ngkolmpu,TOUCH,futirr,dur,2A,nsgA,1U,nsgU,pl,ntpinont,,nt,,pino,nt,,
Ngkolmpu,TOUCH,futirr,dur,2A,nsgA,3U,nsgU,npl,spinont,,s,,pino,nt,,
Ngkolmpu,TOUCH,futirr,dur,2A,nsgA,3U,nsgU,pl,spinont,,s,,pino,nt,,
Ngkolmpu,TOUCH,futirr,dur,3A,sgA,1U,sgU,npl,brpinont,,b,r,pino,nt,,
Ngkolmpu,TOUCH,futirr,dur,3A,sgA,1U,sgU,pl,brpinont,,b,r,pino,nt,,
Ngkolmpu,TOUCH,futirr,dur,3A,sgA,1U,nsgU,npl,ntpinont,,nt,,pino,nt,,
Ngkolmpu,TOUCH,futirr,dur,3A,sgA,1U,nsgU,pl,ntpinont,,nt,,pino,nt,,
Ngkolmpu,TOUCH,futirr,dur,3A,sgA,2U,sgU,npl,ntpinont,,nt,,pino,nt,,
Ngkolmpu,TOUCH,futirr,dur,3A,sgA,2U,sgU,pl,ntpinont,,nt,,pino,nt,,
Ngkolmpu,TOUCH,futirr,dur,3A,sgA,2U,nsgU,npl,srpinont,,s,r,pino,nt,,
Ngkolmpu,TOUCH,futirr,dur,3A,sgA,2U,nsgU,pl,srpinont,,s,r,pino,nt,,
Ngkolmpu,TOUCH,futirr,dur,3A,sgA,3U,nsgU,npl,srpinont,,s,r,pino,nt,,
Ngkolmpu,TOUCH,futirr,dur,3A,sgA,3U,nsgU,pl,srpinont,,s,r,pino,nt,,
Ngkolmpu,TOUCH,futirr,dur,3A,nsgA,1U,sgU,npl,brpinont,,b,r,pino,nt,,
Ngkolmpu,TOUCH,futirr,dur,3A,nsgA,1U,sgU,pl,brpinont,,b,r,pino,nt,,
Ngkolmpu,TOUCH,futirr,dur,3A,nsgA,1U,nsgU,npl,ntpinont,,nt,,pino,nt,,
Ngkolmpu,TOUCH,futirr,dur,3A,nsgA,1U,nsgU,pl,ntpinont,,nt,,pino,nt,,
Ngkolmpu,TOUCH,futirr,dur,3A,nsgA,2U,sgU,npl,ntpinont,,nt,,pino,nt,,
Ngkolmpu,TOUCH,futirr,dur,3A,nsgA,2U,sgU,pl,ntpinont,,nt,,pino,nt,,
Ngkolmpu,TOUCH,futirr,dur,3A,nsgA,2U,nsgU,npl,srpinont,,s,r,pino,nt,,
Ngkolmpu,TOUCH,futirr,dur,3A,nsgA,2U,nsgU,pl,srpinont,,s,r,pino,nt,,
Ngkolmpu,TOUCH,futirr,dur,3A,nsgA,3U,nsgU,npl,srpinont,,s,r,pino,nt,,
Ngkolmpu,TOUCH,futirr,dur,3A,nsgA,3U,nsgU,pl,srpinont,,s,r,pino,nt,,
Ngkolmpu,TOUCH,futign,dur,1A,sgA,2U,sgU,npl,ntpinontomo,,nt,,pino,nt,omo,
Ngkolmpu,TOUCH,futign,dur,1A,sgA,2U,sgU,pl,ntpinontomo,,nt,,pino,nt,omo,
Ngkolmpu,TOUCH,futign,dur,1A,sgA,2U,nsgU,npl,srpinontomo,,s,r,pino,nt,omo,
Ngkolmpu,TOUCH,futign,dur,1A,sgA,2U,nsgU,pl,srpinontomo,,s,r,pino,nt,omo,
Ngkolmpu,TOUCH,futign,dur,1A,sgA,3U,nsgU,npl,srpinontomo,,s,r,pino,nt,omo,
Ngkolmpu,TOUCH,futign,dur,1A,sgA,3U,nsgU,pl,srpinontomo,,s,r,pino,nt,omo,
Ngkolmpu,TOUCH,futign,dur,1A,nsgA,2U,sgU,npl,ntpinontomo,,nt,,pino,nt,omo,
Ngkolmpu,TOUCH,futign,dur,1A,nsgA,2U,sgU,pl,ntpinontomo,,nt,,pino,nt,omo,
Ngkolmpu,TOUCH,futign,dur,1A,nsgA,2U,nsgU,npl,srpinontomo,,s,r,pino,nt,omo,
Ngkolmpu,TOUCH,futign,dur,1A,nsgA,2U,nsgU,pl,srpinontomo,,s,r,pino,nt,omo,
Ngkolmpu,TOUCH,futign,dur,1A,nsgA,3U,nsgU,npl,srpinontomo,,s,r,pino,nt,omo,
Ngkolmpu,TOUCH,futign,dur,1A,nsgA,3U,nsgU,pl,srpinontomo,,s,r,pino,nt,omo,
Ngkolmpu,TOUCH,futign,dur,2A,sgA,1U,sgU,npl,bpinontomo,,b,,pino,nt,omo,
Ngkolmpu,TOUCH,futign,dur,2A,sgA,1U,sgU,pl,bpinontomo,,b,,pino,nt,omo,
Ngkolmpu,TOUCH,futign,dur,2A,sgA,1U,nsgU,npl,ntpinontomo,,nt,,pino,nt,omo,
Ngkolmpu,TOUCH,futign,dur,2A,sgA,1U,nsgU,pl,ntpinontomo,,nt,,pino,nt,omo,
Ngkolmpu,TOUCH,futign,dur,2A,sgA,3U,nsgU,npl,spinontomo,,s,,pino,nt,omo,
Ngkolmpu,TOUCH,futign,dur,2A,sgA,3U,nsgU,pl,spinontomo,,s,,pino,nt,omo,
Ngkolmpu,TOUCH,futign,dur,2A,nsgA,1U,sgU,npl,bpinontomo,,b,,pino,nt,omo,
Ngkolmpu,TOUCH,futign,dur,2A,nsgA,1U,sgU,pl,bpinontomo,,b,,pino,nt,omo,
Ngkolmpu,TOUCH,futign,dur,2A,nsgA,1U,nsgU,npl,ntpinontomo,,nt,,pino,nt,omo,
Ngkolmpu,TOUCH,futign,dur,2A,nsgA,1U,nsgU,pl,ntpinontomo,,nt,,pino,nt,omo,
Ngkolmpu,TOUCH,futign,dur,2A,nsgA,3U,nsgU,npl,spinontomo,,s,,pino,nt,omo,
Ngkolmpu,TOUCH,futign,dur,2A,nsgA,3U,nsgU,pl,spinontomo,,s,,pino,nt,omo,
Ngkolmpu,TOUCH,futign,dur,3A,sgA,1U,sgU,npl,brpinontomo,,b,r,pino,nt,omo,
Ngkolmpu,TOUCH,futign,dur,3A,sgA,1U,sgU,pl,brpinontomo,,b,r,pino,nt,omo,
Ngkolmpu,TOUCH,futign,dur,3A,sgA,1U,nsgU,npl,ntpinontomo,,nt,,pino,nt,omo,
Ngkolmpu,TOUCH,futign,dur,3A,sgA,1U,nsgU,pl,ntpinontomo,,nt,,pino,nt,omo,
Ngkolmpu,TOUCH,futign,dur,3A,sgA,2U,sgU,npl,ntpinontomo,,nt,,pino,nt,omo,
Ngkolmpu,TOUCH,futign,dur,3A,sgA,2U,sgU,pl,ntpinontomo,,nt,,pino,nt,omo,
Ngkolmpu,TOUCH,futign,dur,3A,sgA,2U,nsgU,npl,srpinontomo,,s,r,pino,nt,omo,
Ngkolmpu,TOUCH,futign,dur,3A,sgA,2U,nsgU,pl,srpinontomo,,s,r,pino,nt,omo,
Ngkolmpu,TOUCH,futign,dur,3A,sgA,3U,nsgU,npl,srpinontomo,,s,r,pino,nt,omo,
Ngkolmpu,TOUCH,futign,dur,3A,sgA,3U,nsgU,pl,srpinontomo,,s,r,pino,nt,omo,
Ngkolmpu,TOUCH,futign,dur,3A,nsgA,1U,sgU,npl,brpinontomo,,b,r,pino,nt,omo,
Ngkolmpu,TOUCH,futign,dur,3A,nsgA,1U,sgU,pl,brpinontomo,,b,r,pino,nt,omo,
Ngkolmpu,TOUCH,futign,dur,3A,nsgA,1U,nsgU,npl,ntpinontomo,,nt,,pino,nt,omo,
Ngkolmpu,TOUCH,futign,dur,3A,nsgA,1U,nsgU,pl,ntpinontomo,,nt,,pino,nt,omo,
Ngkolmpu,TOUCH,futign,dur,3A,nsgA,2U,sgU,npl,ntpinontomo,,nt,,pino,nt,omo,
Ngkolmpu,TOUCH,futign,dur,3A,nsgA,2U,sgU,pl,ntpinontomo,,nt,,pino,nt,omo,
Ngkolmpu,TOUCH,futign,dur,3A,nsgA,2U,nsgU,npl,srpinontomo,,s,r,pino,nt,omo,
Ngkolmpu,TOUCH,futign,dur,3A,nsgA,2U,nsgU,pl,srpinontomo,,s,r,pino,nt,omo,
Ngkolmpu,TOUCH,futign,dur,3A,nsgA,3U,nsgU,npl,srpinontomo,,s,r,pino,nt,omo,
Ngkolmpu,TOUCH,futign,dur,3A,nsgA,3U,nsgU,pl,srpinontomo,,s,r,pino,nt,omo,
Ngkolmpu,TOUCH,imp,dur,1A,sgA,2U,sgU,npl,knpinont,,kn,,pino,nt,,
Ngkolmpu,TOUCH,imp,dur,1A,sgA,2U,sgU,pl,knpinont,,kn,,pino,nt,,
Ngkolmpu,TOUCH,imp,dur,1A,sgA,2U,nsgU,npl,srpinont,,s,r,pino,nt,,
Ngkolmpu,TOUCH,imp,dur,1A,sgA,2U,nsgU,pl,srpinont,,s,r,pino,nt,,
Ngkolmpu,TOUCH,imp,dur,1A,sgA,3U,nsgU,npl,srpinont,,s,r,pino,nt,,
Ngkolmpu,TOUCH,imp,dur,1A,sgA,3U,nsgU,pl,srpinont,,s,r,pino,nt,,
Ngkolmpu,TOUCH,imp,dur,1A,nsgA,2U,sgU,npl,knpinont,,kn,,pino,nt,,
Ngkolmpu,TOUCH,imp,dur,1A,nsgA,2U,sgU,pl,knpinont,,kn,,pino,nt,,
Ngkolmpu,TOUCH,imp,dur,1A,nsgA,2U,nsgU,npl,srpinont,,s,r,pino,nt,,
Ngkolmpu,TOUCH,imp,dur,1A,nsgA,2U,nsgU,pl,srpinont,,s,r,pino,nt,,
Ngkolmpu,TOUCH,imp,dur,1A,nsgA,3U,nsgU,npl,srpinont,,s,r,pino,nt,,
Ngkolmpu,TOUCH,imp,dur,1A,nsgA,3U,nsgU,pl,srpinont,,s,r,pino,nt,,
Ngkolmpu,TOUCH,imp,dur,2A,sgA,1U,sgU,npl,bpinont,,b,,pino,nt,,
Ngkolmpu,TOUCH,imp,dur,2A,sgA,1U,sgU,pl,bpinont,,b,,pino,nt,,
Ngkolmpu,TOUCH,imp,dur,2A,sgA,1U,nsgU,npl,knpinont,,kn,,pino,nt,,
Ngkolmpu,TOUCH,imp,dur,2A,sgA,1U,nsgU,pl,knpinont,,kn,,pino,nt,,
Ngkolmpu,TOUCH,imp,dur,2A,sgA,3U,nsgU,npl,spinont,,s,,pino,nt,,
Ngkolmpu,TOUCH,imp,dur,2A,sgA,3U,nsgU,pl,spinont,,s,,pino,nt,,
Ngkolmpu,TOUCH,imp,dur,2A,nsgA,1U,sgU,npl,bpinont,,b,,pino,nt,,
Ngkolmpu,TOUCH,imp,dur,2A,nsgA,1U,sgU,pl,bpinont,,b,,pino,nt,,
Ngkolmpu,TOUCH,imp,dur,2A,nsgA,1U,nsgU,npl,knpinont,,kn,,pino,nt,,
Ngkolmpu,TOUCH,imp,dur,2A,nsgA,1U,nsgU,pl,knpinont,,kn,,pino,nt,,
Ngkolmpu,TOUCH,imp,dur,2A,nsgA,3U,nsgU,npl,spinont,,s,,pino,nt,,
Ngkolmpu,TOUCH,imp,dur,2A,nsgA,3U,nsgU,pl,spinont,,s,,pino,nt,,
Ngkolmpu,TOUCH,imp,dur,3A,sgA,1U,sgU,npl,brpinont,,b,r,pino,nt,,
Ngkolmpu,TOUCH,imp,dur,3A,sgA,1U,sgU,pl,brpinont,,b,r,pino,nt,,
Ngkolmpu,TOUCH,imp,dur,3A,sgA,1U,nsgU,npl,knpinont,,kn,,pino,nt,,
Ngkolmpu,TOUCH,imp,dur,3A,sgA,1U,nsgU,pl,knpinont,,kn,,pino,nt,,
Ngkolmpu,TOUCH,imp,dur,3A,sgA,2U,sgU,npl,knpinont,,kn,,pino,nt,,
Ngkolmpu,TOUCH,imp,dur,3A,sgA,2U,sgU,pl,knpinont,,kn,,pino,nt,,
Ngkolmpu,TOUCH,imp,dur,3A,sgA,2U,nsgU,npl,srpinont,,s,r,pino,nt,,
Ngkolmpu,TOUCH,imp,dur,3A,sgA,2U,nsgU,pl,srpinont,,s,r,pino,nt,,
Ngkolmpu,TOUCH,imp,dur,3A,sgA,3U,nsgU,npl,srpinont,,s,r,pino,nt,,
Ngkolmpu,TOUCH,imp,dur,3A,sgA,3U,nsgU,pl,srpinont,,s,r,pino,nt,,
Ngkolmpu,TOUCH,imp,dur,3A,nsgA,1U,sgU,npl,brpinont,,b,r,pino,nt,,
Ngkolmpu,TOUCH,imp,dur,3A,nsgA,1U,sgU,pl,brpinont,,b,r,pino,nt,,
Ngkolmpu,TOUCH,imp,dur,3A,nsgA,1U,nsgU,npl,knpinont,,kn,,pino,nt,,
Ngkolmpu,TOUCH,imp,dur,3A,nsgA,1U,nsgU,pl,knpinont,,kn,,pino,nt,,
Ngkolmpu,TOUCH,imp,dur,3A,nsgA,2U,sgU,npl,knpinont,,kn,,pino,nt,,
Ngkolmpu,TOUCH,imp,dur,3A,nsgA,2U,sgU,pl,knpinont,,kn,,pino,nt,,
Ngkolmpu,TOUCH,imp,dur,3A,nsgA,2U,nsgU,npl,srpinont,,s,r,pino,nt,,
Ngkolmpu,TOUCH,imp,dur,3A,nsgA,2U,nsgU,pl,srpinont,,s,r,pino,nt,,
Ngkolmpu,TOUCH,imp,dur,3A,nsgA,3U,nsgU,npl,srpinont,,s,r,pino,nt,,
Ngkolmpu,TOUCH,imp,dur,3A,nsgA,3U,nsgU,pl,srpinont,,s,r,pino,nt,,
Ngkolmpu,TOUCH,futirr,pfv,1A,sgA,2U,sgU,npl,ntpino,,nt,,pino,,,
Ngkolmpu,TOUCH,futirr,pfv,1A,sgA,2U,nsgU,npl,srpino,,s,r,pino,,,
Ngkolmpu,TOUCH,futirr,pfv,1A,sgA,3U,nsgU,npl,srpino,,s,r,pino,,,
Ngkolmpu,TOUCH,futirr,pfv,1A,nsgA,2U,sgU,npl,ntpino,,nt,,pino,,,
Ngkolmpu,TOUCH,futirr,pfv,1A,nsgA,2U,nsgU,npl,srpino,,s,r,pino,,,
Ngkolmpu,TOUCH,futirr,pfv,1A,nsgA,3U,nsgU,npl,srpino,,s,r,pino,,,
Ngkolmpu,TOUCH,futirr,pfv,2A,sgA,1U,sgU,npl,bpino,,b,,pino,,,
Ngkolmpu,TOUCH,futirr,pfv,2A,sgA,1U,nsgU,npl,ntpino,,nt,,pino,,,
Ngkolmpu,TOUCH,futirr,pfv,2A,sgA,3U,nsgU,npl,spino,,s,,pino,,,
Ngkolmpu,TOUCH,futirr,pfv,2A,nsgA,1U,sgU,npl,bpino,,b,,pino,,,
Ngkolmpu,TOUCH,futirr,pfv,2A,nsgA,1U,nsgU,npl,ntpino,,nt,,pino,,,
Ngkolmpu,TOUCH,futirr,pfv,2A,nsgA,3U,nsgU,npl,spino,,s,,pino,,,
Ngkolmpu,TOUCH,futirr,pfv,3A,sgA,1U,sgU,npl,brpino,,b,r,pino,,,
Ngkolmpu,TOUCH,futirr,pfv,3A,sgA,1U,nsgU,npl,ntpino,,nt,,pino,,,
Ngkolmpu,TOUCH,futirr,pfv,3A,sgA,2U,sgU,npl,ntpino,,nt,,pino,,,
Ngkolmpu,TOUCH,futirr,pfv,3A,sgA,2U,nsgU,npl,srpino,,s,r,pino,,,
Ngkolmpu,TOUCH,futirr,pfv,3A,sgA,3U,nsgU,npl,srpino,,s,r,pino,,,
Ngkolmpu,TOUCH,futirr,pfv,3A,nsgA,1U,sgU,npl,brpino,,b,r,pino,,,
Ngkolmpu,TOUCH,futirr,pfv,3A,nsgA,1U,nsgU,npl,ntpino,,nt,,pino,,,
Ngkolmpu,TOUCH,futirr,pfv,3A,nsgA,2U,sgU,npl,ntpino,,nt,,pino,,,
Ngkolmpu,TOUCH,futirr,pfv,3A,nsgA,2U,nsgU,npl,srpino,,s,r,pino,,,
Ngkolmpu,TOUCH,futirr,pfv,3A,nsgA,3U,nsgU,npl,srpino,,s,r,pino,,,
Ngkolmpu,TOUCH,futign,pfv,1A,sgA,2U,sgU,npl,ntpinoomo,,nt,,pino,,omo,
Ngkolmpu,TOUCH,futign,pfv,1A,sgA,2U,nsgU,npl,srpinoomo,,s,r,pino,,omo,
Ngkolmpu,TOUCH,futign,pfv,1A,sgA,3U,nsgU,npl,srpinoomo,,s,r,pino,,omo,
Ngkolmpu,TOUCH,futign,pfv,1A,nsgA,2U,sgU,npl,ntpinoomo,,nt,,pino,,omo,
Ngkolmpu,TOUCH,futign,pfv,1A,nsgA,2U,nsgU,npl,srpinoomo,,s,r,pino,,omo,
Ngkolmpu,TOUCH,futign,pfv,1A,nsgA,3U,nsgU,npl,srpinoomo,,s,r,pino,,omo,
Ngkolmpu,TOUCH,futign,pfv,2A,sgA,1U,sgU,npl,bpinoomo,,b,,pino,,omo,
Ngkolmpu,TOUCH,futign,pfv,2A,sgA,1U,nsgU,npl,ntpinoomo,,nt,,pino,,omo,
Ngkolmpu,TOUCH,futign,pfv,2A,sgA,3U,nsgU,npl,spinoomo,,s,,pino,,omo,
Ngkolmpu,TOUCH,futign,pfv,2A,nsgA,1U,sgU,npl,bpinoomo,,b,,pino,,omo,
Ngkolmpu,TOUCH,futign,pfv,2A,nsgA,1U,nsgU,npl,ntpinoomo,,nt,,pino,,omo,
Ngkolmpu,TOUCH,futign,pfv,2A,nsgA,3U,nsgU,npl,spinoomo,,s,,pino,,omo,
Ngkolmpu,TOUCH,futign,pfv,3A,sgA,1U,sgU,npl,brpinoomo,,b,r,pino,,omo,
Ngkolmpu,TOUCH,futign,pfv,3A,sgA,1U,nsgU,npl,ntpinoomo,,nt,,pino,,omo,
Ngkolmpu,TOUCH,futign,pfv,3A,sgA,2U,sgU,npl,ntpinoomo,,nt,,pino,,omo,
Ngkolmpu,TOUCH,futign,pfv,3A,sgA,2U,nsgU,npl,srpinoomo,,s,r,pino,,omo,
Ngkolmpu,TOUCH,futign,pfv,3A,sgA,3U,nsgU,npl,srpinoomo,,s,r,pino,,omo,
Ngkolmpu,TOUCH,futign,pfv,3A,nsgA,1U,sgU,npl,brpinoomo,,b,r,pino,,omo,
Ngkolmpu,TOUCH,futign,pfv,3A,nsgA,1U,nsgU,npl,ntpinoomo,,nt,,pino,,omo,
Ngkolmpu,TOUCH,futign,pfv,3A,nsgA,2U,sgU,npl,ntpinoomo,,nt,,pino,,omo,
Ngkolmpu,TOUCH,futign,pfv,3A,nsgA,2U,nsgU,npl,srpinoomo,,s,r,pino,,omo,
Ngkolmpu,TOUCH,futign,pfv,3A,nsgA,3U,nsgU,npl,srpinoomo,,s,r,pino,,omo,
Ngkolmpu,TOUCH,imp,pfv,1A,sgA,2U,sgU,npl,knpino,,kn,,pino,,,
Ngkolmpu,TOUCH,imp,pfv,1A,sgA,2U,nsgU,npl,srpino,,s,r,pino,,,
Ngkolmpu,TOUCH,imp,pfv,1A,sgA,3U,nsgU,npl,srpino,,s,r,pino,,,
Ngkolmpu,TOUCH,imp,pfv,1A,nsgA,2U,sgU,npl,knpino,,kn,,pino,,,
Ngkolmpu,TOUCH,imp,pfv,1A,nsgA,2U,nsgU,npl,srpino,,s,r,pino,,,
Ngkolmpu,TOUCH,imp,pfv,1A,nsgA,3U,nsgU,npl,srpino,,s,r,pino,,,
Ngkolmpu,TOUCH,imp,pfv,2A,sgA,1U,sgU,npl,bpino,,b,,pino,,,
Ngkolmpu,TOUCH,imp,pfv,2A,sgA,1U,nsgU,npl,knpino,,kn,,pino,,,
Ngkolmpu,TOUCH,imp,pfv,2A,sgA,3U,nsgU,npl,spino,,s,,pino,,,
Ngkolmpu,TOUCH,imp,pfv,2A,nsgA,1U,sgU,npl,bpino,,b,,pino,,,
Ngkolmpu,TOUCH,imp,pfv,2A,nsgA,1U,nsgU,npl,knpino,,kn,,pino,,,
Ngkolmpu,TOUCH,imp,pfv,2A,nsgA,3U,nsgU,npl,spino,,s,,pino,,,
Ngkolmpu,TOUCH,imp,pfv,3A,sgA,1U,sgU,npl,brpino,,b,r,pino,,,
Ngkolmpu,TOUCH,imp,pfv,3A,sgA,1U,nsgU,npl,knpino,,kn,,pino,,,
Ngkolmpu,TOUCH,imp,pfv,3A,sgA,2U,sgU,npl,knpino,,kn,,pino,,,
Ngkolmpu,TOUCH,imp,pfv,3A,sgA,2U,nsgU,npl,srpino,,s,r,pino,,,
Ngkolmpu,TOUCH,imp,pfv,3A,sgA,3U,nsgU,npl,srpino,,s,r,pino,,,
Ngkolmpu,TOUCH,imp,pfv,3A,nsgA,1U,sgU,npl,brpino,,b,r,pino,,,
Ngkolmpu,TOUCH,imp,pfv,3A,nsgA,1U,nsgU,npl,knpino,,kn,,pino,,,
Ngkolmpu,TOUCH,imp,pfv,3A,nsgA,2U,sgU,npl,knpino,,kn,,pino,,,
Ngkolmpu,TOUCH,imp,pfv,3A,nsgA,2U,nsgU,npl,srpino,,s,r,pino,,,
Ngkolmpu,TOUCH,imp,pfv,3A,nsgA,3U,nsgU,npl,srpino,,s,r,pino,,,
Ngkolmpu,TOUCH,pres,dur,1A,sgA,2U,sgU,npl,npino,,n,,pino,,,
Ngkolmpu,TOUCH,pres,dur,1A,sgA,2U,sgU,pl,npino,,n,,pino,,,
Ngkolmpu,TOUCH,pres,dur,1A,sgA,2U,nsgU,npl,ypino,,y,,pino,,,
Ngkolmpu,TOUCH,pres,dur,1A,sgA,2U,nsgU,pl,ypino,,y,,pino,,,
Ngkolmpu,TOUCH,pres,dur,1A,sgA,3U,nsgU,npl,ypino,,y,,pino,,,
Ngkolmpu,TOUCH,pres,dur,1A,sgA,3U,nsgU,pl,ypino,,y,,pino,,,
Ngkolmpu,TOUCH,pres,dur,1A,nsgA,2U,sgU,npl,npinoy,,n,,pino,,,y
Ngkolmpu,TOUCH,pres,dur,1A,nsgA,2U,sgU,pl,npinoy,,n,,pino,,,y
Ngkolmpu,TOUCH,pres,dur,1A,nsgA,2U,nsgU,npl,ypinoy,,y,,pino,,,y
Ngkolmpu,TOUCH,pres,dur,1A,nsgA,2U,nsgU,pl,ypinoy,,y,,pino,,,y
Ngkolmpu,TOUCH,pres,dur,1A,nsgA,3U,nsgU,npl,ypinoy,,y,,pino,,,y
Ngkolmpu,TOUCH,pres,dur,1A,nsgA,3U,nsgU,pl,ypinoy,,y,,pino,,,y
Ngkolmpu,TOUCH,pres,dur,2A,sgA,1U,sgU,npl,wpino,,w,,pino,,,
Ngkolmpu,TOUCH,pres,dur,2A,sgA,1U,sgU,pl,wpino,,w,,pino,,,
Ngkolmpu,TOUCH,pres,dur,2A,sgA,1U,nsgU,npl,npino,,n,,pino,,,
Ngkolmpu,TOUCH,pres,dur,2A,sgA,1U,nsgU,pl,npino,,n,,pino,,,
Ngkolmpu,TOUCH,pres,dur,2A,sgA,3U,nsgU,npl,ypino,,y,,pino,,,
Ngkolmpu,TOUCH,pres,dur,2A,sgA,3U,nsgU,pl,ypino,,y,,pino,,,
Ngkolmpu,TOUCH,pres,dur,2A,nsgA,1U,sgU,npl,wpinoy,,w,,pino,,,y
Ngkolmpu,TOUCH,pres,dur,2A,nsgA,1U,sgU,pl,wpinoy,,w,,pino,,,y
Ngkolmpu,TOUCH,pres,dur,2A,nsgA,1U,nsgU,npl,npinoy,,n,,pino,,,y
Ngkolmpu,TOUCH,pres,dur,2A,nsgA,1U,nsgU,pl,npinoy,,n,,pino,,,y
Ngkolmpu,TOUCH,pres,dur,2A,nsgA,3U,nsgU,npl,ypinoy,,y,,pino,,,y
Ngkolmpu,TOUCH,pres,dur,2A,nsgA,3U,nsgU,pl,ypinoy,,y,,pino,,,y
Ngkolmpu,TOUCH,pres,dur,3A,sgA,1U,sgU,npl,wpino,,w,,pino,,,
Ngkolmpu,TOUCH,pres,dur,3A,sgA,1U,sgU,pl,wpino,,w,,pino,,,
Ngkolmpu,TOUCH,pres,dur,3A,sgA,1U,nsgU,npl,npino,,n,,pino,,,
Ngkolmpu,TOUCH,pres,dur,3A,sgA,1U,nsgU,pl,npino,,n,,pino,,,
Ngkolmpu,TOUCH,pres,dur,3A,sgA,2U,sgU,npl,npino,,n,,pino,,,
Ngkolmpu,TOUCH,pres,dur,3A,sgA,2U,sgU,pl,npino,,n,,pino,,,
Ngkolmpu,TOUCH,pres,dur,3A,sgA,2U,nsgU,npl,ypino,,y,,pino,,,
Ngkolmpu,TOUCH,pres,dur,3A,sgA,2U,nsgU,pl,ypino,,y,,pino,,,
Ngkolmpu,TOUCH,pres,dur,3A,sgA,3U,nsgU,npl,ypino,,y,,pino,,,
Ngkolmpu,TOUCH,pres,dur,3A,sgA,3U,nsgU,pl,ypino,,y,,pino,,,
Ngkolmpu,TOUCH,pres,dur,3A,nsgA,1U,sgU,npl,wpinoy,,w,,pino,,,y
Ngkolmpu,TOUCH,pres,dur,3A,nsgA,1U,sgU,pl,wpinoy,,w,,pino,,,y
Ngkolmpu,TOUCH,pres,dur,3A,nsgA,1U,nsgU,npl,npinoy,,n,,pino,,,y
Ngkolmpu,TOUCH,pres,dur,3A,nsgA,1U,nsgU,pl,npinoy,,n,,pino,,,y
Ngkolmpu,TOUCH,pres,dur,3A,nsgA,2U,sgU,npl,npinoy,,n,,pino,,,y
Ngkolmpu,TOUCH,pres,dur,3A,nsgA,2U,sgU,pl,npinoy,,n,,pino,,,y
Ngkolmpu,TOUCH,pres,dur,3A,nsgA,2U,nsgU,npl,ypinoy,,y,,pino,,,y
Ngkolmpu,TOUCH,pres,dur,3A,nsgA,2U,nsgU,pl,ypinoy,,y,,pino,,,y
Ngkolmpu,TOUCH,pres,dur,3A,nsgA,3U,nsgU,npl,ypinoy,,y,,pino,,,y
Ngkolmpu,TOUCH,pres,dur,3A,nsgA,3U,nsgU,pl,ypinoy,,y,,pino,,,y
Ngkolmpu,TOUCH,hod,dur,1A,sgA,2U,sgU,npl,npino,,n,,pino,,,
Ngkolmpu,TOUCH,hod,dur,1A,sgA,2U,sgU,pl,npino,,n,,pino,,,
Ngkolmpu,TOUCH,hod,dur,1A,sgA,2U,nsgU,npl,ypino,,y,,pino,,,
Ngkolmpu,TOUCH,hod,dur,1A,sgA,2U,nsgU,pl,ypino,,y,,pino,,,
Ngkolmpu,TOUCH,hod,dur,1A,sgA,3U,nsgU,npl,ypino,,y,,pino,,,
Ngkolmpu,TOUCH,hod,dur,1A,sgA,3U,nsgU,pl,ypino,,y,,pino,,,
Ngkolmpu,TOUCH,hod,dur,1A,nsgA,2U,sgU,npl,npino,,n,,pino,,,
Ngkolmpu,TOUCH,hod,dur,1A,nsgA,2U,sgU,pl,npino,,n,,pino,,,
Ngkolmpu,TOUCH,hod,dur,1A,nsgA,2U,nsgU,npl,ypino,,y,,pino,,,
Ngkolmpu,TOUCH,hod,dur,1A,nsgA,2U,nsgU,pl,ypino,,y,,pino,,,
Ngkolmpu,TOUCH,hod,dur,1A,nsgA,3U,nsgU,npl,ypino,,y,,pino,,,
Ngkolmpu,TOUCH,hod,dur,1A,nsgA,3U,nsgU,pl,ypino,,y,,pino,,,
Ngkolmpu,TOUCH,hod,dur,2A,sgA,1U,sgU,npl,wpino,,w,,pino,,,
Ngkolmpu,TOUCH,hod,dur,2A,sgA,1U,sgU,pl,wpino,,w,,pino,,,
Ngkolmpu,TOUCH,hod,dur,2A,sgA,1U,nsgU,npl,npino,,n,,pino,,,
Ngkolmpu,TOUCH,hod,dur,2A,sgA,1U,nsgU,pl,npino,,n,,pino,,,
Ngkolmpu,TOUCH,hod,dur,2A,sgA,3U,nsgU,npl,ypino,,y,,pino,,,
Ngkolmpu,TOUCH,hod,dur,2A,sgA,3U,nsgU,pl,ypino,,y,,pino,,,
Ngkolmpu,TOUCH,hod,dur,2A,nsgA,1U,sgU,npl,wpino,,w,,pino,,,
Ngkolmpu,TOUCH,hod,dur,2A,nsgA,1U,sgU,pl,wpino,,w,,pino,,,
Ngkolmpu,TOUCH,hod,dur,2A,nsgA,1U,nsgU,npl,npino,,n,,pino,,,
Ngkolmpu,TOUCH,hod,dur,2A,nsgA,1U,nsgU,pl,npino,,n,,pino,,,
Ngkolmpu,TOUCH,hod,dur,2A,nsgA,3U,nsgU,npl,ypino,,y,,pino,,,
Ngkolmpu,TOUCH,hod,dur,2A,nsgA,3U,nsgU,pl,ypino,,y,,pino,,,
Ngkolmpu,TOUCH,hod,dur,3A,sgA,1U,sgU,npl,wpino,,w,,pino,,,
Ngkolmpu,TOUCH,hod,dur,3A,sgA,1U,sgU,pl,wpino,,w,,pino,,,
Ngkolmpu,TOUCH,hod,dur,3A,sgA,1U,nsgU,npl,npino,,n,,pino,,,
Ngkolmpu,TOUCH,hod,dur,3A,sgA,1U,nsgU,pl,npino,,n,,pino,,,
Ngkolmpu,TOUCH,hod,dur,3A,sgA,2U,sgU,npl,npino,,n,,pino,,,
Ngkolmpu,TOUCH,hod,dur,3A,sgA,2U,sgU,pl,npino,,n,,pino,,,
Ngkolmpu,TOUCH,hod,dur,3A,sgA,2U,nsgU,npl,ypino,,y,,pino,,,
Ngkolmpu,TOUCH,hod,dur,3A,sgA,2U,nsgU,pl,ypino,,y,,pino,,,
Ngkolmpu,TOUCH,hod,dur,3A,sgA,3U,nsgU,npl,ypino,,y,,pino,,,
Ngkolmpu,TOUCH,hod,dur,3A,sgA,3U,nsgU,pl,ypino,,y,,pino,,,
Ngkolmpu,TOUCH,hod,dur,3A,nsgA,1U,sgU,npl,wpino,,w,,pino,,,
Ngkolmpu,TOUCH,hod,dur,3A,nsgA,1U,sgU,pl,wpino,,w,,pino,,,
Ngkolmpu,TOUCH,hod,dur,3A,nsgA,1U,nsgU,npl,npino,,n,,pino,,,
Ngkolmpu,TOUCH,hod,dur,3A,nsgA,1U,nsgU,pl,npino,,n,,pino,,,
Ngkolmpu,TOUCH,hod,dur,3A,nsgA,2U,sgU,npl,npino,,n,,pino,,,
Ngkolmpu,TOUCH,hod,dur,3A,nsgA,2U,sgU,pl,npino,,n,,pino,,,
Ngkolmpu,TOUCH,hod,dur,3A,nsgA,2U,nsgU,npl,ypino,,y,,pino,,,
Ngkolmpu,TOUCH,hod,dur,3A,nsgA,2U,nsgU,pl,ypino,,y,,pino,,,
Ngkolmpu,TOUCH,hod,dur,3A,nsgA,3U,nsgU,npl,ypino,,y,,pino,,,
Ngkolmpu,TOUCH,hod,dur,3A,nsgA,3U,nsgU,pl,ypino,,y,,pino,,,
Ngkolmpu,TOUCH,hod,pfv,1A,sgA,2U,sgU,npl,knpino,,kn,,pino,,,
Ngkolmpu,TOUCH,hod,pfv,1A,sgA,2U,nsgU,npl,spino,,s,,pino,,,
Ngkolmpu,TOUCH,hod,pfv,1A,sgA,3U,nsgU,npl,spino,,s,,pino,,,
Ngkolmpu,TOUCH,hod,pfv,1A,nsgA,2U,sgU,npl,knpinome,,kn,,pino,,,me
Ngkolmpu,TOUCH,hod,pfv,1A,nsgA,2U,nsgU,npl,spinome,,s,,pino,,,me
Ngkolmpu,TOUCH,hod,pfv,1A,nsgA,3U,nsgU,npl,spinome,,s,,pino,,,me
Ngkolmpu,TOUCH,hod,pfv,2A,sgA,1U,sgU,npl,bpino,,b,,pino,,,
Ngkolmpu,TOUCH,hod,pfv,2A,sgA,1U,nsgU,npl,knpino,,kn,,pino,,,
Ngkolmpu,TOUCH,hod,pfv,2A,sgA,3U,nsgU,npl,spino,,s,,pino,,,
Ngkolmpu,TOUCH,hod,pfv,2A,nsgA,1U,sgU,npl,bpinome,,b,,pino,,,me
Ngkolmpu,TOUCH,hod,pfv,2A,nsgA,1U,nsgU,npl,knpinome,,kn,,pino,,,me
Ngkolmpu,TOUCH,hod,pfv,2A,nsgA,3U,nsgU,npl,spinome,,s,,pino,,,me
Ngkolmpu,TOUCH,hod,pfv,3A,sgA,1U,sgU,npl,bpino,,b,,pino,,,
Ngkolmpu,TOUCH,hod,pfv,3A,sgA,1U,nsgU,npl,knpino,,kn,,pino,,,
Ngkolmpu,TOUCH,hod,pfv,3A,sgA,2U,sgU,npl,knpino,,kn,,pino,,,
Ngkolmpu,TOUCH,hod,pfv,3A,sgA,2U,nsgU,npl,spino,,s,,pino,,,
Ngkolmpu,TOUCH,hod,pfv,3A,sgA,3U,nsgU,npl,spino,,s,,pino,,,
Ngkolmpu,TOUCH,hod,pfv,3A,nsgA,1U,sgU,npl,bpinome,,b,,pino,,,me
Ngkolmpu,TOUCH,hod,pfv,3A,nsgA,1U,nsgU,npl,knpinome,,kn,,pino,,,me
Ngkolmpu,TOUCH,hod,pfv,3A,nsgA,2U,sgU,npl,knpinome,,kn,,pino,,,me
Ngkolmpu,TOUCH,hod,pfv,3A,nsgA,2U,nsgU,npl,spinome,,s,,pino,,,me
Ngkolmpu,TOUCH,hod,pfv,3A,nsgA,3U,nsgU,npl,spinome,,s,,pino,,,me
Ngkolmpu,TOUCH,rct,dur,1A,sgA,2U,sgU,npl,kwnpino,kw,n,,pino,,,
Ngkolmpu,TOUCH,rct,dur,1A,sgA,2U,sgU,pl,kwnpino,kw,n,,pino,,,
Ngkolmpu,TOUCH,rct,dur,1A,sgA,2U,nsgU,npl,swpino,,sw,,pino,,,
Ngkolmpu,TOUCH,rct,dur,1A,sgA,2U,nsgU,pl,swpino,,sw,,pino,,,
Ngkolmpu,TOUCH,rct,dur,1A,sgA,3U,nsgU,npl,swpino,,sw,,pino,,,
Ngkolmpu,TOUCH,rct,dur,1A,sgA,3U,nsgU,pl,swpino,,sw,,pino,,,
Ngkolmpu,TOUCH,rct,dur,1A,nsgA,2U,sgU,npl,kwnpinoy,kw,n,,pino,,,y
Ngkolmpu,TOUCH,rct,dur,1A,nsgA,2U,sgU,pl,kwnpinoy,kw,n,,pino,,,y
Ngkolmpu,TOUCH,rct,dur,1A,nsgA,2U,nsgU,npl,swpinoy,,sw,,pino,,,y
Ngkolmpu,TOUCH,rct,dur,1A,nsgA,2U,nsgU,pl,swpinoy,,sw,,pino,,,y
Ngkolmpu,TOUCH,rct,dur,1A,nsgA,3U,nsgU,npl,swpinoy,,sw,,pino,,,y
Ngkolmpu,TOUCH,rct,dur,1A,nsgA,3U,nsgU,pl,swpinoy,,sw,,pino,,,y
Ngkolmpu,TOUCH,rct,dur,2A,sgA,1U,sgU,npl,kwwpino,kw,w,,pino,,,
Ngkolmpu,TOUCH,rct,dur,2A,sgA,1U,sgU,pl,kwwpino,kw,w,,pino,,,
Ngkolmpu,TOUCH,rct,dur,2A,sgA,1U,nsgU,npl,kwnpino,kw,n,,pino,,,
Ngkolmpu,TOUCH,rct,dur,2A,sgA,1U,nsgU,pl,kwnpino,kw,n,,pino,,,
Ngkolmpu,TOUCH,rct,dur,2A,sgA,3U,nsgU,npl,swpino,,sw,,pino,,,
Ngkolmpu,TOUCH,rct,dur,2A,sgA,3U,nsgU,pl,swpino,,sw,,pino,,,
Ngkolmpu,TOUCH,rct,dur,2A,nsgA,1U,sgU,npl,kwwpinoe,kw,w,,pino,,,e
Ngkolmpu,TOUCH,rct,dur,2A,nsgA,1U,sgU,pl,kwwpinoe,kw,w,,pino,,,e
Ngkolmpu,TOUCH,rct,dur,2A,nsgA,1U,nsgU,npl,kwnpinoe,kw,n,,pino,,,e
Ngkolmpu,TOUCH,rct,dur,2A,nsgA,1U,nsgU,pl,kwnpinoe,kw,n,,pino,,,e
Ngkolmpu,TOUCH,rct,dur,2A,nsgA,3U,nsgU,npl,swpinoe,,sw,,pino,,,e
Ngkolmpu,TOUCH,rct,dur,2A,nsgA,3U,nsgU,pl,swpinoe,,sw,,pino,,,e
Ngkolmpu,TOUCH,rct,dur,3A,sgA,1U,sgU,npl,kwwpino,kw,w,,pino,,,
Ngkolmpu,TOUCH,rct,dur,3A,sgA,1U,sgU,pl,kwwpino,kw,w,,pino,,,
Ngkolmpu,TOUCH,rct,dur,3A,sgA,1U,nsgU,npl,kwnpino,kw,n,,pino,,,
Ngkolmpu,TOUCH,rct,dur,3A,sgA,1U,nsgU,pl,kwnpino,kw,n,,pino,,,
Ngkolmpu,TOUCH,rct,dur,3A,sgA,2U,sgU,npl,kwnpino,kw,n,,pino,,,
Ngkolmpu,TOUCH,rct,dur,3A,sgA,2U,sgU,pl,kwnpino,kw,n,,pino,,,
Ngkolmpu,TOUCH,rct,dur,3A,sgA,2U,nsgU,npl,swpino,,sw,,pino,,,
Ngkolmpu,TOUCH,rct,dur,3A,sgA,2U,nsgU,pl,swpino,,sw,,pino,,,
Ngkolmpu,TOUCH,rct,dur,3A,sgA,3U,nsgU,npl,swpino,,sw,,pino,,,
Ngkolmpu,TOUCH,rct,dur,3A,sgA,3U,nsgU,pl,swpino,,sw,,pino,,,
Ngkolmpu,TOUCH,rct,dur,3A,nsgA,1U,sgU,npl,kwwpinoe,kw,w,,pino,,,e
Ngkolmpu,TOUCH,rct,dur,3A,nsgA,1U,sgU,pl,kwwpinoe,kw,w,,pino,,,e
Ngkolmpu,TOUCH,rct,dur,3A,nsgA,1U,nsgU,npl,kwnpinoe,kw,n,,pino,,,e
Ngkolmpu,TOUCH,rct,dur,3A,nsgA,1U,nsgU,pl,kwnpinoe,kw,n,,pino,,,e
Ngkolmpu,TOUCH,rct,dur,3A,nsgA,2U,sgU,npl,kwnpinoe,kw,n,,pino,,,e
Ngkolmpu,TOUCH,rct,dur,3A,nsgA,2U,sgU,pl,kwnpinoe,kw,n,,pino,,,e
Ngkolmpu,TOUCH,rct,dur,3A,nsgA,2U,nsgU,npl,swpinoe,,sw,,pino,,,e
Ngkolmpu,TOUCH,rct,dur,3A,nsgA,2U,nsgU,pl,swpinoe,,sw,,pino,,,e
Ngkolmpu,TOUCH,rct,dur,3A,nsgA,3U,nsgU,npl,swpinoe,,sw,,pino,,,e
Ngkolmpu,TOUCH,rct,dur,3A,nsgA,3U,nsgU,pl,swpinoe,,sw,,pino,,,e
Ngkolmpu,TOUCH,rct,ipfv,1A,sgA,2U,sgU,npl,npinoen,,n,,pino,en,,
Ngkolmpu,TOUCH,rct,ipfv,1A,sgA,2U,sgU,pl,npinoen,,n,,pino,en,,
Ngkolmpu,TOUCH,rct,ipfv,1A,sgA,2U,nsgU,npl,ypinoen,,y,,pino,en,,
Ngkolmpu,TOUCH,rct,ipfv,1A,sgA,2U,nsgU,pl,ypinoen,,y,,pino,en,,
Ngkolmpu,TOUCH,rct,ipfv,1A,sgA,3U,nsgU,npl,ypinoen,,y,,pino,en,,
Ngkolmpu,TOUCH,rct,ipfv,1A,sgA,3U,nsgU,pl,ypinoen,,y,,pino,en,,
Ngkolmpu,TOUCH,rct,ipfv,1A,nsgA,2U,sgU,npl,npinoene,,n,,pino,en,,e
Ngkolmpu,TOUCH,rct,ipfv,1A,nsgA,2U,sgU,pl,npinoene,,n,,pino,en,,e
Ngkolmpu,TOUCH,rct,ipfv,1A,nsgA,2U,nsgU,npl,ypinoene,,y,,pino,en,,e
Ngkolmpu,TOUCH,rct,ipfv,1A,nsgA,2U,nsgU,pl,ypinoene,,y,,pino,en,,e
Ngkolmpu,TOUCH,rct,ipfv,1A,nsgA,3U,nsgU,npl,ypinoene,,y,,pino,en,,e
Ngkolmpu,TOUCH,rct,ipfv,1A,nsgA,3U,nsgU,pl,ypinoene,,y,,pino,en,,e
Ngkolmpu,TOUCH,rct,ipfv,2A,sgA,1U,sgU,npl,wpinoen,,w,,pino,en,,
Ngkolmpu,TOUCH,rct,ipfv,2A,sgA,1U,sgU,pl,wpinoen,,w,,pino,en,,
Ngkolmpu,TOUCH,rct,ipfv,2A,sgA,1U,nsgU,npl,npinoen,,n,,pino,en,,
Ngkolmpu,TOUCH,rct,ipfv,2A,sgA,1U,nsgU,pl,npinoen,,n,,pino,en,,
Ngkolmpu,TOUCH,rct,ipfv,2A,sgA,3U,nsgU,npl,ypinoen,,y,,pino,en,,
Ngkolmpu,TOUCH,rct,ipfv,2A,sgA,3U,nsgU,pl,ypinoen,,y,,pino,en,,
Ngkolmpu,TOUCH,rct,ipfv,2A,nsgA,1U,sgU,npl,wpinoene,,w,,pino,en,,e
Ngkolmpu,TOUCH,rct,ipfv,2A,nsgA,1U,sgU,pl,wpinoene,,w,,pino,en,,e
Ngkolmpu,TOUCH,rct,ipfv,2A,nsgA,1U,nsgU,npl,npinoene,,n,,pino,en,,e
Ngkolmpu,TOUCH,rct,ipfv,2A,nsgA,1U,nsgU,pl,npinoene,,n,,pino,en,,e
Ngkolmpu,TOUCH,rct,ipfv,2A,nsgA,3U,nsgU,npl,ypinoene,,y,,pino,en,,e
Ngkolmpu,TOUCH,rct,ipfv,2A,nsgA,3U,nsgU,pl,ypinoene,,y,,pino,en,,e
Ngkolmpu,TOUCH,rct,ipfv,3A,sgA,1U,sgU,npl,wpinoen,,w,,pino,en,,
Ngkolmpu,TOUCH,rct,ipfv,3A,sgA,1U,sgU,pl,wpinoen,,w,,pino,en,,
Ngkolmpu,TOUCH,rct,ipfv,3A,sgA,1U,nsgU,npl,npinoen,,n,,pino,en,,
Ngkolmpu,TOUCH,rct,ipfv,3A,sgA,1U,nsgU,pl,npinoen,,n,,pino,en,,
Ngkolmpu,TOUCH,rct,ipfv,3A,sgA,2U,sgU,npl,npinoen,,n,,pino,en,,
Ngkolmpu,TOUCH,rct,ipfv,3A,sgA,2U,sgU,pl,npinoen,,n,,pino,en,,
Ngkolmpu,TOUCH,rct,ipfv,3A,sgA,2U,nsgU,npl,ypinoen,,y,,pino,en,,
Ngkolmpu,TOUCH,rct,ipfv,3A,sgA,2U,nsgU,pl,ypinoen,,y,,pino,en,,
Ngkolmpu,TOUCH,rct,ipfv,3A,sgA,3U,nsgU,npl,ypinoen,,y,,pino,en,,
Ngkolmpu,TOUCH,rct,ipfv,3A,sgA,3U,nsgU,pl,ypinoen,,y,,pino,en,,
Ngkolmpu,TOUCH,rct,ipfv,3A,nsgA,1U,sgU,npl,wpinoene,,w,,pino,en,,e
Ngkolmpu,TOUCH,rct,ipfv,3A,nsgA,1U,sgU,pl,wpinoene,,w,,pino,en,,e
Ngkolmpu,TOUCH,rct,ipfv,3A,nsgA,1U,nsgU,npl,npinoene,,n,,pino,en,,e
Ngkolmpu,TOUCH,rct,ipfv,3A,nsgA,1U,nsgU,pl,npinoene,,n,,pino,en,,e
Ngkolmpu,TOUCH,rct,ipfv,3A,nsgA,2U,sgU,npl,npinoene,,n,,pino,en,,e
Ngkolmpu,TOUCH,rct,ipfv,3A,nsgA,2U,sgU,pl,npinoene,,n,,pino,en,,e
Ngkolmpu,TOUCH,rct,ipfv,3A,nsgA,2U,nsgU,npl,ypinoene,,y,,pino,en,,e
Ngkolmpu,TOUCH,rct,ipfv,3A,nsgA,2U,nsgU,pl,ypinoene,,y,,pino,en,,e
Ngkolmpu,TOUCH,rct,ipfv,3A,nsgA,3U,nsgU,npl,ypinoene,,y,,pino,en,,e
Ngkolmpu,TOUCH,rct,ipfv,3A,nsgA,3U,nsgU,pl,ypinoene,,y,,pino,en,,e
Ngkolmpu,TOUCH,rct,pfv,1A,sgA,2U,sgU,npl,knpinont,,kn,,pino,nt,,
Ngkolmpu,TOUCH,rct,pfv,1A,sgA,2U,nsgU,npl,spinont,,s,,pino,nt,,
Ngkolmpu,TOUCH,rct,pfv,1A,sgA,3U,nsgU,npl,spinont,,s,,pino,nt,,
Ngkolmpu,TOUCH,rct,pfv,1A,nsgA,2U,sgU,npl,knpinontrans,,kn,,pino,nt,,rans
Ngkolmpu,TOUCH,rct,pfv,1A,nsgA,2U,nsgU,npl,spinontrans,,s,,pino,nt,,rans
Ngkolmpu,TOUCH,rct,pfv,1A,nsgA,3U,nsgU,npl,spinontrans,,s,,pino,nt,,rans
Ngkolmpu,TOUCH,rct,pfv,2A,sgA,1U,sgU,npl,bpinont,,b,,pino,nt,,
Ngkolmpu,TOUCH,rct,pfv,2A,sgA,1U,nsgU,npl,knpinont,,kn,,pino,nt,,
Ngkolmpu,TOUCH,rct,pfv,2A,sgA,3U,nsgU,npl,spinont,,s,,pino,nt,,
Ngkolmpu,TOUCH,rct,pfv,2A,nsgA,1U,sgU,npl,bpinontrans,,b,,pino,nt,,rans
Ngkolmpu,TOUCH,rct,pfv,2A,nsgA,1U,nsgU,npl,knpinontrans,,kn,,pino,nt,,rans
Ngkolmpu,TOUCH,rct,pfv,2A,nsgA,3U,nsgU,npl,spinontrans,,s,,pino,nt,,rans
Ngkolmpu,TOUCH,rct,pfv,3A,sgA,1U,sgU,npl,bpinont,,b,,pino,nt,,
Ngkolmpu,TOUCH,rct,pfv,3A,sgA,1U,nsgU,npl,knpinont,,kn,,pino,nt,,
Ngkolmpu,TOUCH,rct,pfv,3A,sgA,2U,sgU,npl,knpinont,,kn,,pino,nt,,
Ngkolmpu,TOUCH,rct,pfv,3A,sgA,2U,nsgU,npl,spinont,,s,,pino,nt,,
Ngkolmpu,TOUCH,rct,pfv,3A,sgA,3U,nsgU,npl,spinont,,s,,pino,nt,,
Ngkolmpu,TOUCH,rct,pfv,3A,nsgA,1U,sgU,npl,bpinontrans,,b,,pino,nt,,rans
Ngkolmpu,TOUCH,rct,pfv,3A,nsgA,1U,nsgU,npl,knpinontrans,,kn,,pino,nt,,rans
Ngkolmpu,TOUCH,rct,pfv,3A,nsgA,2U,sgU,npl,knpinontrans,,kn,,pino,nt,,rans
Ngkolmpu,TOUCH,rct,pfv,3A,nsgA,2U,nsgU,npl,spinontrans,,s,,pino,nt,,rans
Ngkolmpu,TOUCH,rct,pfv,3A,nsgA,3U,nsgU,npl,spinontrans,,s,,pino,nt,,rans
Ngkolmpu,TOUCH,rmt,dur,1A,sgA,2U,sgU,npl,npinow,,n,,pino,,,w
Ngkolmpu,TOUCH,rmt,dur,1A,sgA,2U,sgU,pl,npinow,,n,,pino,,,w
Ngkolmpu,TOUCH,rmt,dur,1A,sgA,2U,nsgU,npl,ypinow,,y,,pino,,,w
Ngkolmpu,TOUCH,rmt,dur,1A,sgA,2U,nsgU,pl,ypinow,,y,,pino,,,w
Ngkolmpu,TOUCH,rmt,dur,1A,sgA,3U,nsgU,npl,ypinow,,y,,pino,,,w
Ngkolmpu,TOUCH,rmt,dur,1A,sgA,3U,nsgU,pl,ypinow,,y,,pino,,,w
Ngkolmpu,TOUCH,rmt,dur,1A,nsgA,2U,sgU,npl,npinongkai,,n,,pino,ngk,,ai
Ngkolmpu,TOUCH,rmt,dur,1A,nsgA,2U,sgU,pl,npinongkai,,n,,pino,ngk,,ai
Ngkolmpu,TOUCH,rmt,dur,1A,nsgA,2U,nsgU,npl,ypinongkai,,y,,pino,ngk,,ai
Ngkolmpu,TOUCH,rmt,dur,1A,nsgA,2U,nsgU,pl,ypinongkai,,y,,pino,ngk,,ai
Ngkolmpu,TOUCH,rmt,dur,1A,nsgA,3U,nsgU,npl,ypinongkai,,y,,pino,ngk,,ai
Ngkolmpu,TOUCH,rmt,dur,1A,nsgA,3U,nsgU,pl,ypinongkai,,y,,pino,ngk,,ai
Ngkolmpu,TOUCH,rmt,dur,2A,sgA,1U,sgU,npl,wpinow,,w,,pino,,,w
Ngkolmpu,TOUCH,rmt,dur,2A,sgA,1U,sgU,pl,wpinow,,w,,pino,,,w
Ngkolmpu,TOUCH,rmt,dur,2A,sgA,1U,nsgU,npl,npinow,,n,,pino,,,w
Ngkolmpu,TOUCH,rmt,dur,2A,sgA,1U,nsgU,pl,npinow,,n,,pino,,,w
Ngkolmpu,TOUCH,rmt,dur,2A,sgA,3U,nsgU,npl,ypinow,,y,,pino,,,w
Ngkolmpu,TOUCH,rmt,dur,2A,sgA,3U,nsgU,pl,ypinow,,y,,pino,,,w
Ngkolmpu,TOUCH,rmt,dur,2A,nsgA,1U,sgU,npl,wpinongkai,,w,,pino,ngk,,ai
Ngkolmpu,TOUCH,rmt,dur,2A,nsgA,1U,sgU,pl,wpinongkai,,w,,pino,ngk,,ai
Ngkolmpu,TOUCH,rmt,dur,2A,nsgA,1U,nsgU,npl,npinongkai,,n,,pino,ngk,,ai
Ngkolmpu,TOUCH,rmt,dur,2A,nsgA,1U,nsgU,pl,npinongkai,,n,,pino,ngk,,ai
Ngkolmpu,TOUCH,rmt,dur,2A,nsgA,3U,nsgU,npl,ypinongkai,,y,,pino,ngk,,ai
Ngkolmpu,TOUCH,rmt,dur,2A,nsgA,3U,nsgU,pl,ypinongkai,,y,,pino,ngk,,ai
Ngkolmpu,TOUCH,rmt,dur,3A,sgA,1U,sgU,npl,wpinow,,w,,pino,,,w
Ngkolmpu,TOUCH,rmt,dur,3A,sgA,1U,sgU,pl,wpinow,,w,,pino,,,w
Ngkolmpu,TOUCH,rmt,dur,3A,sgA,1U,nsgU,npl,npinow,,n,,pino,,,w
Ngkolmpu,TOUCH,rmt,dur,3A,sgA,1U,nsgU,pl,npinow,,n,,pino,,,w
Ngkolmpu,TOUCH,rmt,dur,3A,sgA,2U,sgU,npl,npinow,,n,,pino,,,w
Ngkolmpu,TOUCH,rmt,dur,3A,sgA,2U,sgU,pl,npinow,,n,,pino,,,w
Ngkolmpu,TOUCH,rmt,dur,3A,sgA,2U,nsgU,npl,ypinow,,y,,pino,,,w
Ngkolmpu,TOUCH,rmt,dur,3A,sgA,2U,nsgU,pl,ypinow,,y,,pino,,,w
Ngkolmpu,TOUCH,rmt,dur,3A,sgA,3U,nsgU,npl,ypinow,,y,,pino,,,w
Ngkolmpu,TOUCH,rmt,dur,3A,sgA,3U,nsgU,pl,ypinow,,y,,pino,,,w
Ngkolmpu,TOUCH,rmt,dur,3A,nsgA,1U,sgU,npl,wpinongkai,,w,,pino,ngk,,ai
Ngkolmpu,TOUCH,rmt,dur,3A,nsgA,1U,sgU,pl,wpinongkai,,w,,pino,ngk,,ai
Ngkolmpu,TOUCH,rmt,dur,3A,nsgA,1U,nsgU,npl,npinongkai,,n,,pino,ngk,,ai
Ngkolmpu,TOUCH,rmt,dur,3A,nsgA,1U,nsgU,pl,npinongkai,,n,,pino,ngk,,ai
Ngkolmpu,TOUCH,rmt,dur,3A,nsgA,2U,sgU,npl,npinongkai,,n,,pino,ngk,,ai
Ngkolmpu,TOUCH,rmt,dur,3A,nsgA,2U,sgU,pl,npinongkai,,n,,pino,ngk,,ai
Ngkolmpu,TOUCH,rmt,dur,3A,nsgA,2U,nsgU,npl,ypinongkai,,y,,pino,ngk,,ai
Ngkolmpu,TOUCH,rmt,dur,3A,nsgA,2U,nsgU,pl,ypinongkai,,y,,pino,ngk,,ai
Ngkolmpu,TOUCH,rmt,dur,3A,nsgA,3U,nsgU,npl,ypinongkai,,y,,pino,ngk,,ai
Ngkolmpu,TOUCH,rmt,dur,3A,nsgA,3U,nsgU,pl,ypinongkai,,y,,pino,ngk,,ai
Ngkolmpu,TOUCH,pstpot,dur,1A,sgA,2U,sgU,npl,npinongk,,n,,pino,ngk,,
Ngkolmpu,TOUCH,pstpot,dur,1A,sgA,2U,sgU,pl,npinongk,,n,,pino,ngk,,
Ngkolmpu,TOUCH,pstpot,dur,1A,sgA,2U,nsgU,npl,ypinongk,,y,,pino,ngk,,
Ngkolmpu,TOUCH,pstpot,dur,1A,sgA,2U,nsgU,pl,ypinongk,,y,,pino,ngk,,
Ngkolmpu,TOUCH,pstpot,dur,1A,sgA,3U,nsgU,npl,ypinongk,,y,,pino,ngk,,
Ngkolmpu,TOUCH,pstpot,dur,1A,sgA,3U,nsgU,pl,ypinongk,,y,,pino,ngk,,
Ngkolmpu,TOUCH,pstpot,dur,1A,nsgA,2U,sgU,npl,npinongkai,,n,,pino,ngk,,ai
Ngkolmpu,TOUCH,pstpot,dur,1A,nsgA,2U,sgU,pl,npinongkai,,n,,pino,ngk,,ai
Ngkolmpu,TOUCH,pstpot,dur,1A,nsgA,2U,nsgU,npl,ypinongkai,,y,,pino,ngk,,ai
Ngkolmpu,TOUCH,pstpot,dur,1A,nsgA,2U,nsgU,pl,ypinongkai,,y,,pino,ngk,,ai
Ngkolmpu,TOUCH,pstpot,dur,1A,nsgA,3U,nsgU,npl,ypinongkai,,y,,pino,ngk,,ai
Ngkolmpu,TOUCH,pstpot,dur,1A,nsgA,3U,nsgU,pl,ypinongkai,,y,,pino,ngk,,ai
Ngkolmpu,TOUCH,pstpot,dur,2A,sgA,1U,sgU,npl,wpinongk,,w,,pino,ngk,,
Ngkolmpu,TOUCH,pstpot,dur,2A,sgA,1U,sgU,pl,wpinongk,,w,,pino,ngk,,
Ngkolmpu,TOUCH,pstpot,dur,2A,sgA,1U,nsgU,npl,npinongk,,n,,pino,ngk,,
Ngkolmpu,TOUCH,pstpot,dur,2A,sgA,1U,nsgU,pl,npinongk,,n,,pino,ngk,,
Ngkolmpu,TOUCH,pstpot,dur,2A,sgA,3U,nsgU,npl,ypinongk,,y,,pino,ngk,,
Ngkolmpu,TOUCH,pstpot,dur,2A,sgA,3U,nsgU,pl,ypinongk,,y,,pino,ngk,,
Ngkolmpu,TOUCH,pstpot,dur,2A,nsgA,1U,sgU,npl,wpinongkai,,w,,pino,ngk,,ai
Ngkolmpu,TOUCH,pstpot,dur,2A,nsgA,1U,sgU,pl,wpinongkai,,w,,pino,ngk,,ai
Ngkolmpu,TOUCH,pstpot,dur,2A,nsgA,1U,nsgU,npl,npinongkai,,n,,pino,ngk,,ai
Ngkolmpu,TOUCH,pstpot,dur,2A,nsgA,1U,nsgU,pl,npinongkai,,n,,pino,ngk,,ai
Ngkolmpu,TOUCH,pstpot,dur,2A,nsgA,3U,nsgU,npl,ypinongkai,,y,,pino,ngk,,ai
Ngkolmpu,TOUCH,pstpot,dur,2A,nsgA,3U,nsgU,pl,ypinongkai,,y,,pino,ngk,,ai
Ngkolmpu,TOUCH,pstpot,dur,3A,sgA,1U,sgU,npl,wpinongk,,w,,pino,ngk,,
Ngkolmpu,TOUCH,pstpot,dur,3A,sgA,1U,sgU,pl,wpinongk,,w,,pino,ngk,,
Ngkolmpu,TOUCH,pstpot,dur,3A,sgA,1U,nsgU,npl,npinongk,,n,,pino,ngk,,
Ngkolmpu,TOUCH,pstpot,dur,3A,sgA,1U,nsgU,pl,npinongk,,n,,pino,ngk,,
Ngkolmpu,TOUCH,pstpot,dur,3A,sgA,2U,sgU,npl,npinongk,,n,,pino,ngk,,
Ngkolmpu,TOUCH,pstpot,dur,3A,sgA,2U,sgU,pl,npinongk,,n,,pino,ngk,,
Ngkolmpu,TOUCH,pstpot,dur,3A,sgA,2U,nsgU,npl,ypinongk,,y,,pino,ngk,,
Ngkolmpu,TOUCH,pstpot,dur,3A,sgA,2U,nsgU,pl,ypinongk,,y,,pino,ngk,,
Ngkolmpu,TOUCH,pstpot,dur,3A,sgA,3U,nsgU,npl,ypinongk,,y,,pino,ngk,,
Ngkolmpu,TOUCH,pstpot,dur,3A,sgA,3U,nsgU,pl,ypinongk,,y,,pino,ngk,,
Ngkolmpu,TOUCH,pstpot,dur,3A,nsgA,1U,sgU,npl,wpinongkai,,w,,pino,ngk,,ai
Ngkolmpu,TOUCH,pstpot,dur,3A,nsgA,1U,sgU,pl,wpinongkai,,w,,pino,ngk,,ai
Ngkolmpu,TOUCH,pstpot,dur,3A,nsgA,1U,nsgU,npl,npinongkai,,n,,pino,ngk,,ai
Ngkolmpu,TOUCH,pstpot,dur,3A,nsgA,1U,nsgU,pl,npinongkai,,n,,pino,ngk,,ai
Ngkolmpu,TOUCH,pstpot,dur,3A,nsgA,2U,sgU,npl,npinongkai,,n,,pino,ngk,,ai
Ngkolmpu,TOUCH,pstpot,dur,3A,nsgA,2U,sgU,pl,npinongkai,,n,,pino,ngk,,ai
Ngkolmpu,TOUCH,pstpot,dur,3A,nsgA,2U,nsgU,npl,ypinongkai,,y,,pino,ngk,,ai
Ngkolmpu,TOUCH,pstpot,dur,3A,nsgA,2U,nsgU,pl,ypinongkai,,y,,pino,ngk,,ai
Ngkolmpu,TOUCH,pstpot,dur,3A,nsgA,3U,nsgU,npl,ypinongkai,,y,,pino,ngk,,ai
Ngkolmpu,TOUCH,pstpot,dur,3A,nsgA,3U,nsgU,pl,ypinongkai,,y,,pino,ngk,,ai
Ngkolmpu,TOUCH,rmt,ipfv,1A,sgA,2U,sgU,npl,kwnpinornt,kw,n,,pino,rnt,,
Ngkolmpu,TOUCH,rmt,ipfv,1A,sgA,2U,sgU,pl,kwnpinornt,kw,n,,pino,rnt,,
Ngkolmpu,TOUCH,rmt,ipfv,1A,sgA,2U,nsgU,npl,swpinornt,,sw,,pino,rnt,,
Ngkolmpu,TOUCH,rmt,ipfv,1A,sgA,2U,nsgU,pl,swpinornt,,sw,,pino,rnt,,
Ngkolmpu,TOUCH,rmt,ipfv,1A,sgA,3U,nsgU,npl,swpinornt,,sw,,pino,rnt,,
Ngkolmpu,TOUCH,rmt,ipfv,1A,sgA,3U,nsgU,pl,swpinornt,,sw,,pino,rnt,,
Ngkolmpu,TOUCH,rmt,ipfv,1A,nsgA,2U,sgU,npl,kwnpinornte,kw,n,,pino,rnt,,e
Ngkolmpu,TOUCH,rmt,ipfv,1A,nsgA,2U,sgU,pl,kwnpinornte,kw,n,,pino,rnt,,e
Ngkolmpu,TOUCH,rmt,ipfv,1A,nsgA,2U,nsgU,npl,swpinornte,,sw,,pino,rnt,,e
Ngkolmpu,TOUCH,rmt,ipfv,1A,nsgA,2U,nsgU,pl,swpinornte,,sw,,pino,rnt,,e
Ngkolmpu,TOUCH,rmt,ipfv,1A,nsgA,3U,nsgU,npl,swpinornte,,sw,,pino,rnt,,e
Ngkolmpu,TOUCH,rmt,ipfv,1A,nsgA,3U,nsgU,pl,swpinornte,,sw,,pino,rnt,,e
Ngkolmpu,TOUCH,rmt,ipfv,2A,sgA,1U,sgU,npl,kwwpinornt,kw,w,,pino,rnt,,
Ngkolmpu,TOUCH,rmt,ipfv,2A,sgA,1U,sgU,pl,kwwpinornt,kw,w,,pino,rnt,,
Ngkolmpu,TOUCH,rmt,ipfv,2A,sgA,1U,nsgU,npl,kwnpinornt,kw,n,,pino,rnt,,
Ngkolmpu,TOUCH,rmt,ipfv,2A,sgA,1U,nsgU,pl,kwnpinornt,kw,n,,pino,rnt,,
Ngkolmpu,TOUCH,rmt,ipfv,2A,sgA,3U,nsgU,npl,swpinornt,,sw,,pino,rnt,,
Ngkolmpu,TOUCH,rmt,ipfv,2A,sgA,3U,nsgU,pl,swpinornt,,sw,,pino,rnt,,
Ngkolmpu,TOUCH,rmt,ipfv,2A,nsgA,1U,sgU,npl,kwwpinornte,kw,w,,pino,rnt,,e
Ngkolmpu,TOUCH,rmt,ipfv,2A,nsgA,1U,sgU,pl,kwwpinornte,kw,w,,pino,rnt,,e
Ngkolmpu,TOUCH,rmt,ipfv,2A,nsgA,1U,nsgU,npl,kwnpinornte,kw,n,,pino,rnt,,e
Ngkolmpu,TOUCH,rmt,ipfv,2A,nsgA,1U,nsgU,pl,kwnpinornte,kw,n,,pino,rnt,,e
Ngkolmpu,TOUCH,rmt,ipfv,2A,nsgA,3U,nsgU,npl,swpinornte,,sw,,pino,rnt,,e
Ngkolmpu,TOUCH,rmt,ipfv,2A,nsgA,3U,nsgU,pl,swpinornte,,sw,,pino,rnt,,e
Ngkolmpu,TOUCH,rmt,ipfv,3A,sgA,1U,sgU,npl,kwwpinornt,kw,w,,pino,rnt,,
Ngkolmpu,TOUCH,rmt,ipfv,3A,sgA,1U,sgU,pl,kwwpinornt,kw,w,,pino,rnt,,
Ngkolmpu,TOUCH,rmt,ipfv,3A,sgA,1U,nsgU,npl,kwnpinornt,kw,n,,pino,rnt,,
Ngkolmpu,TOUCH,rmt,ipfv,3A,sgA,1U,nsgU,pl,kwnpinornt,kw,n,,pino,rnt,,
Ngkolmpu,TOUCH,rmt,ipfv,3A,sgA,2U,sgU,npl,kwnpinornt,kw,n,,pino,rnt,,
Ngkolmpu,TOUCH,rmt,ipfv,3A,sgA,2U,sgU,pl,kwnpinornt,kw,n,,pino,rnt,,
Ngkolmpu,TOUCH,rmt,ipfv,3A,sgA,2U,nsgU,npl,swpinornt,,sw,,pino,rnt,,
Ngkolmpu,TOUCH,rmt,ipfv,3A,sgA,2U,nsgU,pl,swpinornt,,sw,,pino,rnt,,
Ngkolmpu,TOUCH,rmt,ipfv,3A,sgA,3U,nsgU,npl,swpinornt,,sw,,pino,rnt,,
Ngkolmpu,TOUCH,rmt,ipfv,3A,sgA,3U,nsgU,pl,swpinornt,,sw,,pino,rnt,,
Ngkolmpu,TOUCH,rmt,ipfv,3A,nsgA,1U,sgU,npl,kwwpinornte,kw,w,,pino,rnt,,e
Ngkolmpu,TOUCH,rmt,ipfv,3A,nsgA,1U,sgU,pl,kwwpinornte,kw,w,,pino,rnt,,e
Ngkolmpu,TOUCH,rmt,ipfv,3A,nsgA,1U,nsgU,npl,kwnpinornte,kw,n,,pino,rnt,,e
Ngkolmpu,TOUCH,rmt,ipfv,3A,nsgA,1U,nsgU,pl,kwnpinornte,kw,n,,pino,rnt,,e
Ngkolmpu,TOUCH,rmt,ipfv,3A,nsgA,2U,sgU,npl,kwnpinornte,kw,n,,pino,rnt,,e
Ngkolmpu,TOUCH,rmt,ipfv,3A,nsgA,2U,sgU,pl,kwnpinornte,kw,n,,pino,rnt,,e
Ngkolmpu,TOUCH,rmt,ipfv,3A,nsgA,2U,nsgU,npl,swpinornte,,sw,,pino,rnt,,e
Ngkolmpu,TOUCH,rmt,ipfv,3A,nsgA,2U,nsgU,pl,swpinornte,,sw,,pino,rnt,,e
Ngkolmpu,TOUCH,rmt,ipfv,3A,nsgA,3U,nsgU,npl,swpinornte,,sw,,pino,rnt,,e
Ngkolmpu,TOUCH,rmt,ipfv,3A,nsgA,3U,nsgU,pl,swpinornte,,sw,,pino,rnt,,e
Ngkolmpu,TOUCH,rmt,pfv,1A,sgA,2U,sgU,npl,knpinongk,,kn,,pino,ngk,,
Ngkolmpu,TOUCH,rmt,pfv,1A,sgA,2U,nsgU,npl,spinongk,,s,,pino,ngk,,
Ngkolmpu,TOUCH,rmt,pfv,1A,sgA,3U,nsgU,npl,spinongk,,s,,pino,ngk,,
Ngkolmpu,TOUCH,rmt,pfv,1A,nsgA,2U,sgU,npl,knpinongkai,,kn,,pino,ngk,,ai
Ngkolmpu,TOUCH,rmt,pfv,1A,nsgA,2U,nsgU,npl,spinongkai,,s,,pino,ngk,,ai
Ngkolmpu,TOUCH,rmt,pfv,1A,nsgA,3U,nsgU,npl,spinongkai,,s,,pino,ngk,,ai
Ngkolmpu,TOUCH,rmt,pfv,2A,sgA,1U,sgU,npl,bpinongk,,b,,pino,ngk,,
Ngkolmpu,TOUCH,rmt,pfv,2A,sgA,1U,nsgU,npl,knpinongk,,kn,,pino,ngk,,
Ngkolmpu,TOUCH,rmt,pfv,2A,sgA,3U,nsgU,npl,spinongk,,s,,pino,ngk,,
Ngkolmpu,TOUCH,rmt,pfv,2A,nsgA,1U,sgU,npl,bpinongkai,,b,,pino,ngk,,ai
Ngkolmpu,TOUCH,rmt,pfv,2A,nsgA,1U,nsgU,npl,knpinongkai,,kn,,pino,ngk,,ai
Ngkolmpu,TOUCH,rmt,pfv,2A,nsgA,3U,nsgU,npl,spinongkai,,s,,pino,ngk,,ai
Ngkolmpu,TOUCH,rmt,pfv,3A,sgA,1U,sgU,npl,bpinongk,,b,,pino,ngk,,
Ngkolmpu,TOUCH,rmt,pfv,3A,sgA,1U,nsgU,npl,knpinongk,,kn,,pino,ngk,,
Ngkolmpu,TOUCH,rmt,pfv,3A,sgA,2U,sgU,npl,knpinongk,,kn,,pino,ngk,,
Ngkolmpu,TOUCH,rmt,pfv,3A,sgA,2U,nsgU,npl,spinongk,,s,,pino,ngk,,
Ngkolmpu,TOUCH,rmt,pfv,3A,sgA,3U,nsgU,npl,spinongk,,s,,pino,ngk,,
Ngkolmpu,TOUCH,rmt,pfv,3A,nsgA,1U,sgU,npl,bpinongkai,,b,,pino,ngk,,ai
Ngkolmpu,TOUCH,rmt,pfv,3A,nsgA,1U,nsgU,npl,knpinongkai,,kn,,pino,ngk,,ai
Ngkolmpu,TOUCH,rmt,pfv,3A,nsgA,2U,sgU,npl,knpinongkai,,kn,,pino,ngk,,ai
Ngkolmpu,TOUCH,rmt,pfv,3A,nsgA,2U,nsgU,npl,spinongkai,,s,,pino,ngk,,ai
Ngkolmpu,TOUCH,rmt,pfv,3A,nsgA,3U,nsgU,npl,spinongkai,,s,,pino,ngk,,ai
